Index,m/z,Calibrated m/z,Calculated m/z,Peak Height,Resolving Power,S/N,Ion Charge,m/z Error (ppm),m/z Error Score,Isotopologue Similarity,Confidence Score,DBE,H/C,O/C,Heteroatom Class,Ion Type,Is Isotopologue,Mono Isotopic Index,Molecular Formula,C,H,O,S,N,13C,34S,18O,17O
1,107.0252,107.025086,107.025086,2015223,,0,-1,-1.061,-0.114,,,5,0.8,0.2,,,0,,C5 H3 N2 O,5,3,1,0,2,,,,
2,113.965618,113.965523,113.965523,2210086,,1,-1,-0.832,-0.095,,,4,0.333333333,0.666666667,,,0,,C3 N O2 S,3,0,2,1,1,,,,
3,126.056053,126.056052,126.056052,15409486,,0,-1,-0.005,-0.001,,,3,1.5,0.333333333,,,0,,C6 H8 N O2,6,8,2,0,1,,,,
4,126.056177,126.056052,126.056052,2691406,,0,-1,-0.995,-0.125,,,3,1.5,0.333333333,,,0,,C6 H8 N O2,6,8,2,0,1,,,,
5,130.025717,130.025815,130.025815,2485304,,0,-1,0.751,0.098,,,3,1.666666667,1,,,0,,C3 H4 N3 O3,3,4,3,0,3,,,,
6,141.055715,141.055718,141.055718,12050210,,,-1,0.022,0.003,,,3,1.428571429,0.428571429,,,0,,C7 H9 O3,7,9,3,0,0,,,,
7,145.123463,145.123403,145.123403,1932577,,,-1,-0.41,-0.06,,,0,2.25,0.25,,,0,,C8 H17 O2,8,17,2,0,0,,,,
8,147.041216,147.04113,147.04113,1949162,,0,-1,-0.585,-0.086,,,2,2,1,,,0,,C4 H7 N2 O4,4,7,4,0,2,,,,
9,153.092092,153.092103,153.092103,2491444,,,-1,0.071,0.011,,,3,1.555555556,0.222222222,,,0,,C9 H13 O2,9,13,2,0,0,,,,
10,154.050989,154.050967,154.050967,2021326,,0,-1,-0.143,-0.022,,,4,1.285714286,0.428571429,,,0,,C7 H8 N O3,7,8,3,0,1,,,,
11,155.107834,155.107753,155.107753,2075298,,,-1,-0.518,-0.08,,,2,1.777777778,0.222222222,,,0,,C9 H15 O2,9,15,2,0,0,,,,
12,160.970437,160.970274,160.970274,2733797,,,-1,-1.012,-0.163,,,8,0.25,0.25,,,0,,C8 H O2 S,8,1,2,1,0,,,,
13,161.006629,161.00666,161.00666,3161592,,,-1,0.191,0.031,,,7,0.666666667,0.111111111,,,0,,C9 H5 O S,9,5,1,1,0,,,,
14,161.009306,161.009161,161.009161,2103033,,,-1,-0.901,-0.145,,,3,1.2,1.2,,,0,,C5 H5 O6,5,5,6,0,0,,,,
15,161.997971,161.997886,161.997886,2221838,,0.333333333,-1,-0.524,-0.085,,,3,1.666666667,1,,,0,,C3 H4 N3 O3 S,3,4,3,1,3,,,,
16,165.05586,165.055718,165.055718,2159304,,,-1,-0.861,-0.142,,,5,1.111111111,0.333333333,,,0,,C9 H9 O3,9,9,3,0,0,,,,
17,171.066416,171.066282,171.066282,2531638,,,-1,-0.779,-0.133,,,3,1.5,0.5,,,0,,C8 H11 O4,8,11,4,0,0,,,,
18,173.006592,173.00666,173.00666,2159150,,,-1,0.392,0.068,,,8,0.6,0.1,,,0,,C10 H5 O S,10,5,1,1,0,,,,
19,175.061361,175.061197,175.061197,11548310,,,-1,-0.935,-0.164,,,2,1.714285714,0.714285714,,,0,,C7 H11 O5,7,11,5,0,0,,,,
20,176.035272,176.035317,176.035317,1967539,,0,-1,0.254,0.045,,,7,0.777777778,0.333333333,,,0,,C9 H6 N O3,9,6,3,0,1,,,,
21,176.976438,176.976422,176.976422,2033985,,0.5,-1,-0.089,-0.016,,,8,0.285714286,0.285714286,,,0,,C7 H N2 O2 S,7,1,2,1,2,,,,
22,179.035133,179.034982,179.034982,3019119,,,-1,-0.842,-0.151,,,6,0.888888889,0.444444444,,,0,,C9 H7 O4,9,7,4,0,0,,,,
23,179.071545,179.071368,179.071368,64041352,,,-1,-0.987,-0.177,,,5,1.2,0.3,,,0,,C10 H11 O3,10,11,3,0,0,,,,
24,181.050727,181.050632,181.050632,2300190,,,-1,-0.524,-0.095,,,5,1.111111111,0.444444444,,,0,,C9 H9 O4,9,9,4,0,0,,,,
25,181.087163,181.087018,181.087018,30730040,,,-1,-0.804,-0.146,,,4,1.4,0.3,,,0,,C10 H13 O3,10,13,3,0,0,,,,
26,183.066396,183.066282,183.066282,4109544,,,-1,-0.619,-0.113,,,4,1.333333333,0.444444444,,,0,,C9 H11 O4,9,11,4,0,0,,,,
27,185.0455,185.045547,185.045547,2107567,,,-1,0.253,0.047,,,4,1.25,0.625,,,0,,C8 H9 O5,8,9,5,0,0,,,,
28,188.986126,188.986318,188.986318,2090349,,,-1,1.016,0.192,,,4,1,0.833333333,,,0,,C6 H5 O5 S,6,5,5,1,0,,,,
29,189.076932,189.076847,189.076847,7928500,,,-1,-0.45,-0.085,,,2,1.75,0.625,,,0,,C8 H13 O5,8,13,5,0,0,,,,
30,191.107782,191.107753,191.107753,2138333,,,-1,-0.148,-0.028,,,5,1.333333333,0.166666667,,,0,,C12 H15 O2,12,15,2,0,0,,,,
31,192.066754,192.066617,192.066617,2259915,,0,-1,-0.714,-0.137,,,6,1.1,0.3,,,0,,C10 H10 N O3,10,10,3,0,1,,,,
32,193.087156,193.087018,193.087018,8869613,,,-1,-0.715,-0.138,,,5,1.272727273,0.272727273,,,0,,C11 H13 O3,11,13,3,0,0,,,,
33,193.09046,193.090389,193.090389,6741744,,,-1,-0.365,-0.07,,,0,2.25,0.375,,,0,,C8 H17 O3 S,8,17,3,1,0,,,,
34,194.045985,194.045881,194.045881,10152417,,0,-1,-0.533,-0.103,,,6,1,0.444444444,,,0,,C9 H8 N O4,9,8,4,0,1,,,,
35,195.019835,195.020001,195.020001,2130404,,0,-1,0.849,0.166,,,11,0.363636364,0.181818182,,,0,,C11 H3 N2 O2,11,3,2,0,2,,,,
36,195.066393,195.066282,195.066282,14194953,,,-1,-0.568,-0.111,,,5,1.2,0.4,,,0,,C10 H11 O4,10,11,4,0,0,,,,
37,195.114043,195.113901,195.113901,2247471,,0,-1,-0.724,-0.141,,,4,1.6,0.2,,,0,,C10 H15 N2 O2,10,15,2,0,2,,,,
38,197.009135,197.009161,197.009161,2220817,,,-1,0.134,0.026,,,6,0.75,0.75,,,0,,C8 H5 O6,8,5,6,0,0,,,,
39,197.082039,197.081932,197.081932,49751884,,,-1,-0.541,-0.107,,,4,1.4,0.4,,,0,,C10 H13 O4,10,13,4,0,0,,,,
40,199.061299,199.061197,199.061197,2982776,,,-1,-0.51,-0.101,,,4,1.333333333,0.555555556,,,0,,C9 H11 O5,9,11,5,0,0,,,,
41,199.076589,199.076453,199.076453,2215300,,,-1,-0.681,-0.135,,,8,0.923076923,0.153846154,,,0,,C13 H11 O2,13,11,2,0,0,,,,
42,199.097704,199.097583,199.097583,13063573,,,-1,-0.608,-0.121,,,3,1.6,0.4,,,0,,C10 H15 O4,10,15,4,0,0,,,,
43,201.076869,201.076847,201.076847,3396038,,,-1,-0.111,-0.022,,,3,1.555555556,0.555555556,,,0,,C9 H13 O5,9,13,5,0,0,,,,
44,201.088001,201.08808,201.08808,2371535,,0,-1,0.393,0.079,,,3,1.75,0.5,,,0,,C8 H13 N2 O4,8,13,4,0,2,,,,
45,202.108662,202.108482,202.108482,2365186,,0,-1,-0.894,-0.181,,,2,1.888888889,0.444444444,,,0,,C9 H16 N O4,9,16,4,0,1,,,,
46,203.0926,203.092497,203.092497,4072983,,,-1,-0.505,-0.102,,,2,1.777777778,0.555555556,,,0,,C9 H15 O5,9,15,5,0,0,,,,
47,204.066682,204.066617,204.066617,5250341,,0,-1,-0.322,-0.066,,,7,1,0.272727273,,,0,,C11 H10 N O3,11,10,3,0,1,,,,
48,204.139174,204.139388,204.139388,2237279,,0,-1,1.046,0.214,,,5,1.461538462,0.076923077,,,0,,C13 H18 N O,13,18,1,0,1,,,,
49,205.03553,205.035376,205.035376,2631214,,,-1,-0.749,-0.153,,,3,1.428571429,1,,,0,,C7 H9 O7,7,9,7,0,0,,,,
50,205.050729,205.050632,205.050632,3958330,,,-1,-0.473,-0.097,,,7,0.909090909,0.363636364,,,0,,C11 H9 O4,11,9,4,0,0,,,,
51,205.08717,205.087018,205.087018,2520151,,,-1,-0.742,-0.152,,,6,1.166666667,0.25,,,0,,C12 H13 O3,12,13,3,0,0,,,,
52,207.102697,207.102668,207.102668,2899621,,,-1,-0.14,-0.029,,,5,1.333333333,0.25,,,0,,C12 H15 O3,12,15,3,0,0,,,,
53,208.015113,208.01525,208.01525,2237054,,0,-1,0.658,0.137,,,12,0.272727273,0.181818182,,,0,,C11 H2 N3 O2,11,2,2,0,3,,,,
54,209.049009,209.048918,209.048918,3671735,,,-1,-0.433,-0.09,,,1,2,0.714285714,,,0,,C7 H13 O5 S,7,13,5,1,0,,,,
55,209.082036,209.081932,209.081932,7470289,,,-1,-0.497,-0.104,,,5,1.272727273,0.363636364,,,0,,C11 H13 O4,11,13,4,0,0,,,,
56,209.118294,209.118318,209.118318,2541294,,,-1,0.116,0.024,,,4,1.5,0.25,,,0,,C12 H17 O3,12,17,3,0,0,,,,
57,209.129624,209.129551,209.129551,3496695,,0,-1,-0.346,-0.072,,,4,1.636363636,0.181818182,,,0,,C11 H17 N2 O2,11,17,2,0,2,,,,
58,211.028281,211.028183,211.028183,31470300,,,-1,-0.464,-0.098,,,1,2,1,,,0,,C6 H11 O6 S,6,11,6,1,0,,,,
59,211.064716,211.064568,211.064568,351556352,,,-1,-0.698,-0.147,,,0,2.285714286,0.714285714,,,0,,C7 H15 O5 S,7,15,5,1,0,,,,
60,211.079795,211.079824,211.079824,3034884,,,-1,0.141,0.03,,,4,1.454545455,0.181818182,,,0,,C11 H15 O2 S,11,15,2,1,0,,,,
61,211.097731,211.097583,211.097583,9079570,,,-1,-0.703,-0.148,,,4,1.454545455,0.363636364,,,0,,C11 H15 O4,11,15,4,0,0,,,,
62,212.067578,212.067679,212.067679,7728657,,0,-1,0.478,0.101,,,5,1.375,0.5,,,0,,C8 H10 N3 O4,8,10,4,0,3,,,,
63,212.086225,212.086307,212.086307,32953888,,0.333333333,-1,0.385,0.082,,,4,1.666666667,0.111111111,,,0,,C9 H14 N3 O S,9,14,1,1,3,,,,
64,213.076944,213.076847,213.076847,25893164,,,-1,-0.455,-0.097,,,4,1.4,0.5,,,0,,C10 H13 O5,10,13,5,0,0,,,,
65,213.092209,213.092103,213.092103,2095417,,,-1,-0.496,-0.106,,,8,1,0.142857143,,,0,,C14 H13 O2,14,13,2,0,0,,,,
66,213.113205,213.113233,213.113233,2091849,,,-1,0.132,0.028,,,3,1.636363636,0.363636364,,,0,,C11 H17 O4,11,17,4,0,0,,,,
67,215.056198,215.056112,215.056112,13553467,,,-1,-0.403,-0.087,,,4,1.333333333,0.666666667,,,0,,C9 H11 O6,9,11,6,0,0,,,,
68,215.08274,215.082601,215.082601,2104656,,0,-1,-0.644,-0.139,,,8,1,0.166666667,,,0,,C12 H11 N2 O2,12,11,2,0,2,,,,
69,215.092614,215.092497,215.092497,30760792,,,-1,-0.545,-0.117,,,3,1.6,0.5,,,0,,C10 H15 O5,10,15,5,0,0,,,,
70,215.103851,215.103731,215.103731,5514080,,0,-1,-0.561,-0.121,,,3,1.777777778,0.444444444,,,0,,C9 H15 N2 O4,9,15,4,0,2,,,,
71,217.10824,217.108147,217.108147,5013875,,,-1,-0.425,-0.092,,,2,1.8,0.5,,,0,,C10 H17 O5,10,17,5,0,0,,,,
72,218.045938,218.045881,218.045881,10041412,,0,-1,-0.262,-0.057,,,8,0.818181818,0.363636364,,,0,,C11 H8 N O4,11,8,4,0,1,,,,
73,218.082034,218.082267,218.082267,2440800,,0,-1,1.069,0.233,,,7,1.083333333,0.25,,,0,,C12 H12 N O3,12,12,3,0,1,,,,
74,218.103505,218.103396,218.103396,26683504,,0,-1,-0.497,-0.108,,,2,1.888888889,0.555555556,,,0,,C9 H16 N O5,9,16,5,0,1,,,,
75,219.066467,219.066282,219.066282,2284881,,,-1,-0.84,-0.184,,,7,1,0.333333333,,,0,,C12 H11 O4,12,11,4,0,0,,,,
76,219.102803,219.102668,219.102668,7953261,,,-1,-0.617,-0.135,,,6,1.230769231,0.230769231,,,0,,C13 H15 O3,13,15,3,0,0,,,,
77,220.0616,220.061531,220.061531,2713157,,0,-1,-0.311,-0.068,,,7,1,0.363636364,,,0,,C11 H10 N O4,11,10,4,0,1,,,,
78,221.045673,221.045547,221.045547,10565932,,,-1,-0.57,-0.126,,,7,0.909090909,0.454545455,,,0,,C11 H9 O5,11,9,5,0,0,,,,
79,221.048993,221.048918,221.048918,2118959,,,-1,-0.337,-0.075,,,2,1.75,0.625,,,0,,C8 H13 O5 S,8,13,5,1,0,,,,
80,221.082156,221.081932,221.081932,3465032,,,-1,-1.01,-0.223,,,6,1.166666667,0.333333333,,,0,,C12 H13 O4,12,13,4,0,0,,,,
81,221.085428,221.085304,221.085304,4248906,,,-1,-0.56,-0.124,,,1,2,0.444444444,,,0,,C9 H17 O4 S,9,17,4,1,0,,,,
82,222.001738,222.001909,222.001909,2106105,,1,-1,0.766,0.17,,,12,0.384615385,0.076923077,,,0,,C13 H4 N O S,13,4,1,1,1,,,,
83,222.044202,222.044167,222.044167,23946264,,1,-1,-0.155,-0.034,,,2,1.857142857,0.714285714,,,0,,C7 H12 N O5 S,7,12,5,1,1,,,,
84,222.077254,222.077181,222.077181,4165681,,0,-1,-0.328,-0.073,,,6,1.181818182,0.363636364,,,0,,C11 H12 N O4,11,12,4,0,1,,,,
85,222.986057,222.985924,222.985924,2079957,,,-1,-0.597,-0.133,,,12,0.307692308,0.153846154,,,0,,C13 H3 O2 S,13,3,2,1,0,,,,
86,223.061244,223.061197,223.061197,10419980,,,-1,-0.211,-0.047,,,6,1.090909091,0.454545455,,,0,,C11 H11 O5,11,11,5,0,0,,,,
87,223.064658,223.064568,223.064568,20797198,,,-1,-0.4,-0.089,,,1,2,0.625,,,0,,C8 H15 O5 S,8,15,5,1,0,,,,
88,225.043859,225.043833,225.043833,183368896,,,-1,-0.117,-0.026,,,1,2,0.857142857,,,0,,C7 H13 O6 S,7,13,6,1,0,,,,
89,225.076955,225.076847,225.076847,15969491,,,-1,-0.478,-0.108,,,5,1.272727273,0.454545455,,,0,,C11 H13 O5,11,13,5,0,0,,,,
90,225.080315,225.080218,225.080218,116980952,,,-1,-0.429,-0.097,,,0,2.25,0.625,,,0,,C8 H17 O5 S,8,17,5,1,0,,,,
91,225.088074,225.08808,225.08808,2100443,,0,-1,0.031,0.007,,,5,1.4,0.4,,,0,,C10 H13 N2 O4,10,13,4,0,2,,,,
92,225.113314,225.113233,225.113233,2073326,,,-1,-0.36,-0.081,,,4,1.5,0.333333333,,,0,,C12 H17 O4,12,17,4,0,0,,,,
93,227.002065,227.001968,227.001968,3138110,,,-1,-0.429,-0.097,,,6,0.888888889,0.555555556,,,0,,C9 H7 O5 S,9,7,5,1,0,,,,
94,227.056134,227.056112,227.056112,3806821,,,-1,-0.099,-0.022,,,5,1.2,0.6,,,0,,C10 H11 O6,10,11,6,0,0,,,,
95,227.067419,227.067345,227.067345,3861101,,0,-1,-0.324,-0.074,,,5,1.333333333,0.555555556,,,0,,C9 H11 N2 O5,9,11,5,0,2,,,,
96,227.092548,227.092497,227.092497,7959167,,,-1,-0.223,-0.051,,,4,1.454545455,0.454545455,,,0,,C11 H15 O5,11,15,5,0,0,,,,
97,227.103835,227.103731,227.103731,14041735,,0,-1,-0.458,-0.104,,,4,1.6,0.4,,,0,,C10 H15 N2 O4,10,15,4,0,2,,,,
98,227.201741,227.201654,227.201654,4009677,,,-1,-0.386,-0.088,,,1,2,0.142857143,,,0,,C14 H27 O2,14,27,2,0,0,,,,
99,229.071828,229.071762,229.071762,9181170,,,-1,-0.289,-0.066,,,4,1.4,0.6,,,0,,C10 H13 O6,10,13,6,0,0,,,,
100,229.108198,229.108147,229.108147,6728716,,,-1,-0.224,-0.051,,,3,1.636363636,0.454545455,,,0,,C11 H17 O5,11,17,5,0,0,,,,
101,229.119388,229.119381,229.119381,3610644,,0,-1,-0.032,-0.007,,,3,1.8,0.4,,,0,,C10 H17 N2 O4,10,17,4,0,2,,,,
102,230.103454,230.103396,230.103396,5121726,,0,-1,-0.252,-0.058,,,3,1.7,0.5,,,0,,C10 H16 N O5,10,16,5,0,1,,,,
103,230.139824,230.139782,230.139782,6608599,,0,-1,-0.183,-0.042,,,2,1.909090909,0.363636364,,,0,,C11 H20 N O4,11,20,4,0,1,,,,
104,231.087548,231.087412,231.087412,17919328,,,-1,-0.591,-0.137,,,3,1.6,0.6,,,0,,C10 H15 O6,10,15,6,0,0,,,,
105,231.102884,231.102668,231.102668,3300714,,,-1,-0.936,-0.216,,,7,1.142857143,0.214285714,,,0,,C14 H15 O3,14,15,3,0,0,,,,
106,231.123815,231.123797,231.123797,19365240,,,-1,-0.077,-0.018,,,2,1.818181818,0.454545455,,,0,,C11 H19 O5,11,19,5,0,0,,,,
107,232.119138,232.119046,232.119046,16564249,,0,-1,-0.397,-0.092,,,2,1.9,0.5,,,0,,C10 H18 N O5,10,18,5,0,1,,,,
108,233.066738,233.066676,233.066676,15930002,,,-1,-0.267,-0.062,,,3,1.555555556,0.777777778,,,0,,C9 H13 O7,9,13,7,0,0,,,,
109,233.082014,233.081932,233.081932,4356764,,,-1,-0.351,-0.082,,,7,1.076923077,0.307692308,,,0,,C13 H13 O4,13,13,4,0,0,,,,
110,233.118348,233.118318,233.118318,3965620,,,-1,-0.13,-0.03,,,6,1.285714286,0.214285714,,,0,,C14 H17 O3,14,17,3,0,0,,,,
111,233.150818,233.150681,233.150681,2169034,,0,-1,-0.588,-0.137,,,1,2.2,0.4,,,0,,C10 H21 N2 O4,10,21,4,0,2,,,,
112,235.061229,235.061197,235.061197,2977705,,,-1,-0.135,-0.032,,,7,1,0.416666667,,,0,,C12 H11 O5,12,11,5,0,0,,,,
113,235.097557,235.097583,235.097583,2358721,,,-1,0.107,0.025,,,6,1.230769231,0.307692308,,,0,,C13 H15 O4,13,15,4,0,0,,,,
114,235.100988,235.100954,235.100954,6049731,,,-1,-0.145,-0.034,,,1,2,0.4,,,0,,C10 H19 O4 S,10,19,4,1,0,,,,
115,235.108758,235.108816,235.108816,2108104,,0,-1,0.246,0.058,,,6,1.333333333,0.25,,,0,,C12 H15 N2 O3,12,15,3,0,2,,,,
116,236.056379,236.056446,236.056446,3676709,,0,-1,0.283,0.067,,,7,1,0.454545455,,,0,,C11 H10 N O5,11,10,5,0,1,,,,
117,237.040366,237.040462,237.040462,2320528,,,-1,0.403,0.095,,,7,0.909090909,0.545454545,,,0,,C11 H9 O6,11,9,6,0,0,,,,
118,237.076895,237.076847,237.076847,5339303,,,-1,-0.203,-0.048,,,6,1.166666667,0.416666667,,,0,,C12 H13 O5,12,13,5,0,0,,,,
119,237.080302,237.080218,237.080218,39722152,,,-1,-0.352,-0.083,,,1,2,0.555555556,,,0,,C9 H17 O5 S,9,17,5,1,0,,,,
120,237.113309,237.113233,237.113233,6145214,,,-1,-0.321,-0.076,,,5,1.384615385,0.307692308,,,0,,C13 H17 O4,13,17,4,0,0,,,,
121,238.013761,238.01393,238.01393,2314730,,0.333333333,-1,0.708,0.169,,,3,1.8,1.2,,,0,,C5 H8 N3 O6 S,5,8,6,1,3,,,,
122,238.090731,238.090724,238.090724,8627993,,1,-1,-0.032,-0.008,,,5,1.416666667,0.166666667,,,0,,C12 H16 N O2 S,12,16,2,1,1,,,,
123,239.056082,239.056112,239.056112,199565664,,,-1,0.126,0.03,,,6,1.090909091,0.545454545,,,0,,C11 H11 O6,11,11,6,0,0,,,,
124,239.092402,239.092497,239.092497,2418042,,,-1,0.398,0.095,,,5,1.333333333,0.416666667,,,0,,C12 H15 O5,12,15,5,0,0,,,,
125,239.095967,239.095868,239.095868,5362044,,,-1,-0.411,-0.098,,,0,2.222222222,0.555555556,,,0,,C9 H19 O5 S,9,19,5,1,0,,,,
126,240.062701,240.062594,240.062594,2507196,,0,-1,-0.445,-0.107,,,6,1.222222222,0.555555556,,,0,,C9 H10 N3 O5,9,10,5,0,3,,,,
127,241.071785,241.071762,241.071762,400336384,,,-1,-0.098,-0.024,,,5,1.272727273,0.545454545,,,0,,C11 H13 O6,11,13,6,0,0,,,,
128,241.108217,241.108147,241.108147,5764640,,,-1,-0.291,-0.07,,,4,1.5,0.416666667,,,0,,C12 H17 O5,12,17,5,0,0,,,,
129,241.119358,241.119381,241.119381,6166054,,0,-1,0.092,0.022,,,4,1.636363636,0.363636364,,,0,,C11 H17 N2 O4,11,17,4,0,2,,,,
130,241.144573,241.144533,241.144533,2178613,,,-1,-0.167,-0.04,,,3,1.692307692,0.307692308,,,0,,C13 H21 O4,13,21,4,0,0,,,,
131,242.066961,242.067011,242.067011,2351685,,0,-1,0.207,0.05,,,5,1.3,0.6,,,0,,C10 H12 N O6,10,12,6,0,1,,,,
132,242.139745,242.139782,242.139782,2473070,,0,-1,0.152,0.037,,,3,1.75,0.333333333,,,0,,C12 H20 N O4,12,20,4,0,1,,,,
133,243.033315,243.033268,243.033268,5401188,,,-1,-0.191,-0.046,,,5,1.2,0.5,,,0,,C10 H11 O5 S,10,11,5,1,0,,,,
134,243.051039,243.051026,243.051026,2978413,,,-1,-0.051,-0.012,,,5,1.2,0.7,,,0,,C10 H11 O7,10,11,7,0,0,,,,
135,243.087428,243.087412,243.087412,53488256,,,-1,-0.066,-0.016,,,4,1.454545455,0.545454545,,,0,,C11 H15 O6,11,15,6,0,0,,,,
136,243.098667,243.098645,243.098645,2321032,,0,-1,-0.092,-0.022,,,4,1.6,0.5,,,0,,C10 H15 N2 O5,10,15,5,0,2,,,,
137,243.10267,243.102668,243.102668,2718346,,,-1,-0.009,-0.002,,,8,1.066666667,0.2,,,0,,C15 H15 O3,15,15,3,0,0,,,,
138,243.12382,243.123797,243.123797,3310742,,,-1,-0.094,-0.023,,,3,1.666666667,0.416666667,,,0,,C12 H19 O5,12,19,5,0,0,,,,
139,243.135018,243.135031,243.135031,4915868,,0,-1,0.05,0.012,,,3,1.818181818,0.363636364,,,0,,C11 H19 N2 O4,11,19,4,0,2,,,,
140,243.160181,243.160183,243.160183,2301098,,,-1,0.009,0.002,,,2,1.846153846,0.307692308,,,0,,C13 H23 O4,13,23,4,0,0,,,,
141,244.082773,244.082661,244.082661,4456612,,0,-1,-0.458,-0.112,,,4,1.5,0.6,,,0,,C10 H14 N O6,10,14,6,0,1,,,,
142,244.118921,244.119046,244.119046,2137272,,0,-1,0.515,0.126,,,3,1.727272727,0.454545455,,,0,,C11 H18 N O5,11,18,5,0,1,,,,
143,244.155478,244.155432,244.155432,5072076,,0,-1,-0.189,-0.046,,,2,1.916666667,0.333333333,,,0,,C12 H22 N O4,12,22,4,0,1,,,,
144,244.951123,244.950995,244.950995,2151031,,0.5,-1,-0.52,-0.127,,,7,0.333333333,1.166666667,,,0,,C6 H N2 O7 S,6,1,7,1,2,,,,
145,245.066733,245.066676,245.066676,5845685,,,-1,-0.231,-0.057,,,4,1.4,0.7,,,0,,C10 H13 O7,10,13,7,0,0,,,,
146,245.085379,245.085304,245.085304,3867326,,,-1,-0.309,-0.076,,,3,1.636363636,0.363636364,,,0,,C11 H17 O4 S,11,17,4,1,0,,,,
147,245.093219,245.093166,245.093166,9193154,,0,-1,-0.215,-0.053,,,8,1.076923077,0.230769231,,,0,,C13 H13 N2 O3,13,13,3,0,2,,,,
148,245.103112,245.103062,245.103062,6351560,,,-1,-0.203,-0.05,,,3,1.636363636,0.545454545,,,0,,C11 H17 O6,11,17,6,0,0,,,,
149,245.114268,245.114295,245.114295,5383886,,0,-1,0.111,0.027,,,3,1.8,0.5,,,0,,C10 H17 N2 O5,10,17,5,0,2,,,,
150,245.11835,245.118318,245.118318,4191952,,,-1,-0.129,-0.032,,,7,1.2,0.2,,,0,,C15 H17 O3,15,17,3,0,0,,,,
151,246.098223,246.098311,246.098311,2270419,,0,-1,0.357,0.088,,,3,1.7,0.6,,,0,,C10 H16 N O6,10,16,6,0,1,,,,
152,247.039399,247.039416,247.039416,9779894,,0.5,-1,0.071,0.017,,,4,1.5,0.625,,,0,,C8 H11 N2 O5 S,8,11,5,1,2,,,,
153,247.082362,247.082326,247.082326,2722508,,,-1,-0.142,-0.035,,,3,1.6,0.7,,,0,,C10 H15 O7,10,15,7,0,0,,,,
154,247.097641,247.097583,247.097583,13652692,,,-1,-0.238,-0.059,,,7,1.142857143,0.285714286,,,0,,C14 H15 O4,14,15,4,0,0,,,,
155,247.118732,247.118712,247.118712,3188447,,,-1,-0.081,-0.02,,,2,1.818181818,0.545454545,,,0,,C11 H19 O6,11,19,6,0,0,,,,
156,247.134031,247.133968,247.133968,7703271,,,-1,-0.255,-0.063,,,6,1.333333333,0.2,,,0,,C15 H19 O3,15,19,3,0,0,,,,
157,247.137406,247.137339,247.137339,15856360,,,-1,-0.268,-0.066,,,1,2,0.25,,,0,,C12 H23 O3 S,12,23,3,1,0,,,,
158,249.076872,249.076847,249.076847,3609261,,,-1,-0.098,-0.025,,,7,1.076923077,0.384615385,,,0,,C13 H13 O5,13,13,5,0,0,,,,
159,249.08018,249.080218,249.080218,2790063,,,-1,0.155,0.039,,,2,1.8,0.5,,,0,,C10 H17 O5 S,10,17,5,1,0,,,,
160,249.088156,249.08808,249.08808,3313331,,0,-1,-0.305,-0.076,,,7,1.166666667,0.333333333,,,0,,C12 H13 N2 O4,12,13,4,0,2,,,,
161,249.113237,249.113233,249.113233,12650175,,,-1,-0.018,-0.005,,,6,1.285714286,0.285714286,,,0,,C14 H17 O4,14,17,4,0,0,,,,
162,249.116545,249.116604,249.116604,7597761,,,-1,0.238,0.059,,,1,2,0.363636364,,,0,,C11 H21 O4 S,11,21,4,1,0,,,,
163,250.108621,250.108482,250.108482,2331806,,0,-1,-0.558,-0.139,,,6,1.307692308,0.307692308,,,0,,C13 H16 N O4,13,16,4,0,1,,,,
164,251.092543,251.092497,251.092497,12188270,,,-1,-0.184,-0.046,,,6,1.230769231,0.384615385,,,0,,C13 H15 O5,13,15,5,0,0,,,,
165,251.128941,251.128883,251.128883,4021887,,,-1,-0.232,-0.058,,,5,1.428571429,0.285714286,,,0,,C14 H19 O4,14,19,4,0,0,,,,
166,251.132234,251.132254,251.132254,3556992,,,-1,0.08,0.02,,,0,2.181818182,0.363636364,,,0,,C11 H23 O4 S,11,23,4,1,0,,,,
167,252.087788,252.087746,252.087746,4803641,,0,-1,-0.164,-0.041,,,6,1.25,0.416666667,,,0,,C12 H14 N O5,12,14,5,0,1,,,,
168,252.099214,252.09898,252.09898,7312447,,0,-1,-0.93,-0.234,,,6,1.363636364,0.363636364,,,0,,C11 H14 N3 O4,11,14,4,0,3,,,,
169,253.038823,253.038748,253.038748,10896871,,,-1,-0.299,-0.076,,,2,1.75,0.875,,,0,,C8 H13 O7 S,8,13,7,1,0,,,,
170,253.071736,253.071762,253.071762,34889204,,,-1,0.101,0.025,,,6,1.166666667,0.5,,,0,,C12 H13 O6,12,13,6,0,0,,,,
171,253.075134,253.075133,253.075133,5285367,,,-1,-0.004,-0.001,,,1,2,0.666666667,,,0,,C9 H17 O6 S,9,17,6,1,0,,,,
172,253.108145,253.108147,253.108147,5561862,,,-1,0.007,0.002,,,5,1.384615385,0.384615385,,,0,,C13 H17 O5,13,17,5,0,0,,,,
173,253.111576,253.111519,253.111519,2146824,,,-1,-0.229,-0.058,,,0,2.2,0.5,,,0,,C10 H21 O5 S,10,21,5,1,0,,,,
174,253.217202,253.217304,253.217304,2127415,,,-1,0.402,0.102,,,2,1.875,0.125,,,0,,C16 H29 O2,16,29,2,0,0,,,,
175,254.103376,254.103396,254.103396,2791870,,0,-1,0.08,0.02,,,5,1.416666667,0.416666667,,,0,,C12 H16 N O5,12,16,5,0,1,,,,
176,254.978524,254.978255,254.978255,2119737,,,-1,-1.052,-0.268,,,8,0.444444444,1,,,0,,C9 H3 O9,9,3,9,0,0,,,,
177,255.033268,255.033268,255.033268,3016017,,,-1,0.002,0,,,6,1.090909091,0.454545455,,,0,,C11 H11 O5 S,11,11,5,1,0,,,,
178,255.087381,255.087412,255.087412,36594024,,,-1,0.12,0.031,,,5,1.333333333,0.5,,,0,,C12 H15 O6,12,15,6,0,0,,,,
179,255.090776,255.090783,255.090783,3871082,,,-1,0.029,0.008,,,0,2.222222222,0.666666667,,,0,,C9 H19 O6 S,9,19,6,1,0,,,,
180,255.098747,255.098645,255.098645,2123117,,0,-1,-0.401,-0.102,,,5,1.454545455,0.454545455,,,0,,C11 H15 N2 O5,11,15,5,0,2,,,,
181,255.123801,255.123797,255.123797,93405560,,,-1,-0.015,-0.004,,,4,1.538461538,0.384615385,,,0,,C13 H19 O5,13,19,5,0,0,,,,
182,255.135034,255.135031,255.135031,3404157,,0,-1,-0.014,-0.004,,,4,1.666666667,0.333333333,,,0,,C12 H19 N2 O4,12,19,4,0,2,,,,
183,255.232994,255.232954,255.232954,14295462,,,-1,-0.157,-0.04,,,1,2,0.125,,,0,,C16 H31 O2,16,31,2,0,0,,,,
184,257.045681,257.045547,257.045547,2994847,,,-1,-0.522,-0.134,,,10,0.714285714,0.357142857,,,0,,C14 H9 O5,14,9,5,0,0,,,,
185,257.048985,257.048918,257.048918,7896224,,,-1,-0.258,-0.066,,,5,1.272727273,0.454545455,,,0,,C11 H13 O5 S,11,13,5,1,0,,,,
186,257.066741,257.066676,257.066676,110871720,,,-1,-0.252,-0.065,,,5,1.272727273,0.636363636,,,0,,C11 H13 O7,11,13,7,0,0,,,,
187,257.077911,257.07791,257.07791,3033260,,0,-1,-0.003,-0.001,,,5,1.4,0.6,,,0,,C10 H13 N2 O6,10,13,6,0,2,,,,
188,257.081767,257.081932,257.081932,2357934,,,-1,0.645,0.166,,,9,0.933333333,0.266666667,,,0,,C15 H13 O4,15,13,4,0,0,,,,
189,257.103079,257.103062,257.103062,8383671,,,-1,-0.065,-0.017,,,4,1.5,0.5,,,0,,C12 H17 O6,12,17,6,0,0,,,,
190,257.114257,257.114295,257.114295,6026427,,0,-1,0.149,0.038,,,4,1.636363636,0.454545455,,,0,,C11 H17 N2 O5,11,17,5,0,2,,,,
191,257.11816,257.118318,257.118318,2577085,,,-1,0.614,0.158,,,8,1.125,0.1875,,,0,,C16 H17 O3,16,17,3,0,0,,,,
192,257.15073,257.150681,257.150681,7840970,,0,-1,-0.193,-0.05,,,3,1.833333333,0.333333333,,,0,,C12 H21 N2 O4,12,21,4,0,2,,,,
193,258.109457,258.109544,258.109544,2747984,,0,-1,0.336,0.087,,,4,1.7,0.5,,,0,,C10 H16 N3 O5,10,16,5,0,3,,,,
194,259.061229,259.061197,259.061197,3753932,,,-1,-0.124,-0.032,,,9,0.857142857,0.357142857,,,0,,C14 H11 O5,14,11,5,0,0,,,,
195,259.082361,259.082326,259.082326,1245104128,,,-1,-0.135,-0.035,,,4,1.454545455,0.636363636,,,0,,C11 H15 O7,11,15,7,0,0,,,,
196,259.093572,259.09356,259.09356,9699288,,0,-1,-0.046,-0.012,,,4,1.6,0.6,,,0,,C10 H15 N2 O6,10,15,6,0,2,,,,
197,259.097593,259.097583,259.097583,2949082,,,-1,-0.042,-0.011,,,8,1.066666667,0.266666667,,,0,,C15 H15 O4,15,15,4,0,0,,,,
198,259.108959,259.108816,259.108816,2376671,,0,-1,-0.553,-0.143,,,8,1.142857143,0.214285714,,,0,,C14 H15 N2 O3,14,15,3,0,2,,,,
199,259.118789,259.118712,259.118712,6139875,,,-1,-0.298,-0.077,,,3,1.666666667,0.5,,,0,,C12 H19 O6,12,19,6,0,0,,,,
200,259.129921,259.129945,259.129945,8968167,,0,-1,0.096,0.025,,,3,1.818181818,0.454545455,,,0,,C11 H19 N2 O5,11,19,5,0,2,,,,
201,259.133923,259.133968,259.133968,13703144,,,-1,0.173,0.045,,,7,1.25,0.1875,,,0,,C16 H19 O3,16,19,3,0,0,,,,
202,261.024971,261.025205,261.025205,2344645,,,-1,0.899,0.235,,,5,1.111111111,1,,,0,,C9 H9 O9,9,9,9,0,0,,,,
203,261.076902,261.076847,261.076847,2633433,,,-1,-0.209,-0.055,,,8,1,0.357142857,,,0,,C14 H13 O5,14,13,5,0,0,,,,
204,261.088049,261.08808,261.08808,40487644,,0,-1,0.12,0.031,,,8,1.076923077,0.307692308,,,0,,C13 H13 N2 O4,13,13,4,0,2,,,,
205,261.098089,261.097976,261.097976,2656481,,,-1,-0.432,-0.113,,,3,1.636363636,0.636363636,,,0,,C11 H17 O7,11,17,7,0,0,,,,
206,261.113168,261.113233,261.113233,6580967,,,-1,0.249,0.065,,,7,1.2,0.266666667,,,0,,C15 H17 O4,15,17,4,0,0,,,,
207,261.134348,261.134362,261.134362,2668783,,,-1,0.054,0.014,,,2,1.833333333,0.5,,,0,,C12 H21 O6,12,21,6,0,0,,,,
208,261.149604,261.149618,261.149618,38357748,,,-1,0.053,0.014,,,6,1.375,0.1875,,,0,,C16 H21 O3,16,21,3,0,0,,,,
209,261.170976,261.170747,261.170747,2342653,,,-1,-0.876,-0.229,,,1,2,0.384615385,,,0,,C13 H25 O5,13,25,5,0,0,,,,
210,263.030704,263.03096,263.03096,2144690,,0,-1,0.971,0.255,,,9,0.727272727,0.545454545,,,0,,C11 H7 N2 O6,11,7,6,0,2,,,,
211,263.056221,263.056112,263.056112,2717627,,,-1,-0.417,-0.11,,,8,0.923076923,0.461538462,,,0,,C13 H11 O6,13,11,6,0,0,,,,
212,263.070655,263.070716,263.070716,5005760,,0.5,-1,0.235,0.062,,,3,1.777777778,0.555555556,,,0,,C9 H15 N2 O5 S,9,15,5,1,2,,,,
213,263.092481,263.092497,263.092497,3346888,,,-1,0.062,0.016,,,7,1.142857143,0.357142857,,,0,,C14 H15 O5,14,15,5,0,0,,,,
214,263.103725,263.103731,263.103731,3245004,,0,-1,0.02,0.005,,,7,1.230769231,0.307692308,,,0,,C13 H15 N2 O4,13,15,4,0,2,,,,
215,263.128917,263.128883,263.128883,8814037,,,-1,-0.131,-0.034,,,6,1.333333333,0.266666667,,,0,,C15 H19 O4,15,19,4,0,0,,,,
216,263.132222,263.132254,263.132254,12287447,,,-1,0.122,0.032,,,1,2,0.333333333,,,0,,C12 H23 O4 S,12,23,4,1,0,,,,
217,264.087649,264.087746,264.087746,2761521,,0,-1,0.368,0.097,,,7,1.153846154,0.384615385,,,0,,C13 H14 N O5,13,14,5,0,1,,,,
218,264.124186,264.124132,264.124132,2403134,,0,-1,-0.207,-0.055,,,6,1.357142857,0.285714286,,,0,,C14 H18 N O4,14,18,4,0,1,,,,
219,265.002156,265.002362,265.002362,2154103,,,-1,0.777,0.206,,,4,1.25,1,,,0,,C8 H9 O8 S,8,9,8,1,0,,,,
220,265.071744,265.071762,265.071762,5123215,,,-1,0.065,0.017,,,7,1.076923077,0.461538462,,,0,,C13 H13 O6,13,13,6,0,0,,,,
221,265.082966,265.082995,265.082995,2549395,,0,-1,0.111,0.029,,,7,1.166666667,0.416666667,,,0,,C12 H13 N2 O5,12,13,5,0,2,,,,
222,265.10825,265.108147,265.108147,6125724,,,-1,-0.386,-0.102,,,6,1.285714286,0.357142857,,,0,,C14 H17 O5,14,17,5,0,0,,,,
223,265.11158,265.111519,265.111519,77435040,,,-1,-0.23,-0.061,,,1,2,0.454545455,,,0,,C11 H21 O5 S,11,21,5,1,0,,,,
224,265.11931,265.119381,265.119381,3557536,,0,-1,0.267,0.071,,,6,1.384615385,0.307692308,,,0,,C13 H17 N2 O4,13,17,4,0,2,,,,
225,265.144541,265.144533,265.144533,2201769,,,-1,-0.031,-0.008,,,5,1.466666667,0.266666667,,,0,,C15 H21 O4,15,21,4,0,0,,,,
226,265.147895,265.147904,265.147904,93966504,,,-1,0.034,0.009,,,0,2.166666667,0.333333333,,,0,,C12 H25 O4 S,12,25,4,1,0,,,,
227,266.106805,266.106768,266.106768,2213881,,1,-1,-0.142,-0.038,,,1,2.1,0.5,,,0,,C10 H20 N O5 S,10,20,5,1,1,,,,
228,266.160785,266.160911,266.160911,2460172,,0,-1,0.475,0.126,,,0,2.272727273,0.545454545,,,0,,C11 H24 N O6,11,24,6,0,1,,,,
229,267.050997,267.051026,267.051026,2244926,,,-1,0.111,0.03,,,7,1,0.583333333,,,0,,C12 H11 O7,12,11,7,0,0,,,,
230,267.054435,267.054398,267.054398,2633535,,,-1,-0.142,-0.038,,,2,1.777777778,0.777777778,,,0,,C9 H15 O7 S,9,15,7,1,0,,,,
231,267.0874,267.087412,267.087412,7238474,,,-1,0.044,0.012,,,6,1.230769231,0.461538462,,,0,,C13 H15 O6,13,15,6,0,0,,,,
232,267.090807,267.090783,267.090783,19444556,,,-1,-0.089,-0.024,,,1,2,0.6,,,0,,C10 H19 O6 S,10,19,6,1,0,,,,
233,267.123753,267.123797,267.123797,4236119,,,-1,0.166,0.044,,,5,1.428571429,0.357142857,,,0,,C14 H19 O5,14,19,5,0,0,,,,
234,268.082576,268.082661,268.082661,2761882,,0,-1,0.317,0.085,,,6,1.25,0.5,,,0,,C12 H14 N O6,12,14,6,0,1,,,,
235,269.066632,269.066676,269.066676,5808610,,,-1,0.165,0.044,,,6,1.166666667,0.583333333,,,0,,C12 H13 O7,12,13,7,0,0,,,,
236,269.103133,269.103062,269.103062,7607790,,,-1,-0.263,-0.071,,,5,1.384615385,0.461538462,,,0,,C13 H17 O6,13,17,6,0,0,,,,
237,269.106394,269.106433,269.106433,2794479,,,-1,0.145,0.039,,,0,2.2,0.6,,,0,,C10 H21 O6 S,10,21,6,1,0,,,,
238,269.114245,269.114295,269.114295,6061553,,0,-1,0.187,0.05,,,5,1.5,0.416666667,,,0,,C12 H17 N2 O5,12,17,5,0,2,,,,
239,269.139406,269.139447,269.139447,8441337,,,-1,0.152,0.041,,,4,1.571428571,0.357142857,,,0,,C14 H21 O5,14,21,5,0,0,,,,
240,269.175857,269.175833,269.175833,2918918,,,-1,-0.089,-0.024,,,3,1.733333333,0.266666667,,,0,,C15 H25 O4,15,25,4,0,0,,,,
241,270.109454,270.109544,270.109544,4129079,,0,-1,0.333,0.09,,,5,1.545454545,0.454545455,,,0,,C11 H16 N3 O5,11,16,5,0,3,,,,
242,271.064625,271.064568,271.064568,6517867,,,-1,-0.209,-0.057,,,5,1.333333333,0.416666667,,,0,,C12 H15 O5 S,12,15,5,1,0,,,,
243,271.082371,271.082326,271.082326,38189168,,,-1,-0.163,-0.044,,,5,1.333333333,0.583333333,,,0,,C12 H15 O7,12,15,7,0,0,,,,
244,271.093535,271.09356,271.09356,2290804,,0,-1,0.09,0.024,,,5,1.454545455,0.545454545,,,0,,C11 H15 N2 O6,11,15,6,0,2,,,,
245,271.097335,271.097583,271.097583,2921077,,,-1,0.915,0.248,,,9,1,0.25,,,0,,C16 H15 O4,16,15,4,0,0,,,,
246,271.11865,271.118712,271.118712,13957244,,,-1,0.229,0.062,,,4,1.538461538,0.461538462,,,0,,C13 H19 O6,13,19,6,0,0,,,,
247,271.129949,271.129945,271.129945,4106368,,0,-1,-0.014,-0.004,,,4,1.666666667,0.416666667,,,0,,C12 H19 N2 O5,12,19,5,0,2,,,,
248,271.134062,271.133968,271.133968,2245761,,,-1,-0.348,-0.094,,,8,1.176470588,0.176470588,,,0,,C17 H19 O3,17,19,3,0,0,,,,
249,271.166324,271.166331,271.166331,3677835,,0,-1,0.025,0.007,,,3,1.846153846,0.307692308,,,0,,C13 H23 N2 O4,13,23,4,0,2,,,,
250,272.104128,272.104065,272.104065,2223541,,0,-1,-0.233,-0.063,,,9,1.071428571,0.214285714,,,0,,C14 H14 N3 O3,14,14,3,0,3,,,,
251,272.125273,272.125194,272.125194,5256636,,0,-1,-0.29,-0.079,,,4,1.727272727,0.454545455,,,0,,C11 H18 N3 O5,11,18,5,0,3,,,,
252,272.234629,272.234351,272.234351,2188254,,0,-1,-1.021,-0.278,,,1,2.214285714,0.142857143,,,0,,C14 H30 N3 O2,14,30,2,0,3,,,,
253,273.061642,273.061591,273.061591,5113569,,,-1,-0.187,-0.051,,,5,1.272727273,0.727272727,,,0,,C11 H13 O8,11,13,8,0,0,,,,
254,273.076796,273.076847,273.076847,3107558,,,-1,0.188,0.051,,,9,0.933333333,0.333333333,,,0,,C15 H13 O5,15,13,5,0,0,,,,
255,273.097896,273.097976,273.097976,47618796,,,-1,0.295,0.081,,,4,1.5,0.583333333,,,0,,C12 H17 O7,12,17,7,0,0,,,,
256,273.109234,273.10921,273.10921,9800432,,0,-1,-0.09,-0.025,,,4,1.636363636,0.545454545,,,0,,C11 H17 N2 O6,11,17,6,0,2,,,,
257,273.113196,273.113233,273.113233,3261681,,,-1,0.135,0.037,,,8,1.125,0.25,,,0,,C16 H17 O4,16,17,4,0,0,,,,
258,273.134404,273.134362,273.134362,7154424,,,-1,-0.155,-0.042,,,3,1.692307692,0.461538462,,,0,,C13 H21 O6,13,21,6,0,0,,,,
259,273.145594,273.145595,273.145595,5091067,,0,-1,0.004,0.001,,,3,1.833333333,0.416666667,,,0,,C12 H21 N2 O5,12,21,5,0,2,,,,
260,273.149559,273.149618,273.149618,18733820,,,-1,0.217,0.059,,,7,1.294117647,0.176470588,,,0,,C17 H21 O3,17,21,3,0,0,,,,
261,274.129616,274.129611,274.129611,2526763,,0,-1,-0.019,-0.005,,,3,1.75,0.5,,,0,,C12 H20 N O6,12,20,6,0,1,,,,
262,275.056212,275.056112,275.056112,3260742,,,-1,-0.364,-0.1,,,9,0.857142857,0.428571429,,,0,,C14 H11 O6,14,11,6,0,0,,,,
263,275.077207,275.077241,275.077241,11320653,,,-1,0.122,0.034,,,4,1.454545455,0.727272727,,,0,,C11 H15 O8,11,15,8,0,0,,,,
264,275.092426,275.092497,275.092497,4366673,,,-1,0.259,0.071,,,8,1.066666667,0.333333333,,,0,,C15 H15 O5,15,15,5,0,0,,,,
265,275.107025,275.107102,275.107102,2423638,,0.5,-1,0.28,0.077,,,3,1.818181818,0.363636364,,,0,,C11 H19 N2 O4 S,11,19,4,1,2,,,,
266,275.113645,275.113627,275.113627,7773528,,,-1,-0.068,-0.019,,,3,1.666666667,0.583333333,,,0,,C12 H19 O7,12,19,7,0,0,,,,
267,275.128933,275.128883,275.128883,7529821,,,-1,-0.183,-0.05,,,7,1.25,0.25,,,0,,C16 H19 O4,16,19,4,0,0,,,,
268,275.139981,275.140116,275.140116,2243168,,0,-1,0.491,0.135,,,7,1.333333333,0.2,,,0,,C15 H19 N2 O3,15,19,3,0,2,,,,
269,275.165302,275.165268,275.165268,9733479,,,-1,-0.123,-0.034,,,6,1.411764706,0.176470588,,,0,,C17 H23 O3,17,23,3,0,0,,,,
270,275.168583,275.168639,275.168639,8877416,,,-1,0.206,0.057,,,1,2,0.214285714,,,0,,C14 H27 O3 S,14,27,3,1,0,,,,
271,276.12413,276.124132,276.124132,2184329,,0,-1,0.004,0.001,,,7,1.266666667,0.266666667,,,0,,C15 H18 N O4,15,18,4,0,1,,,,
272,277.038673,277.038748,277.038748,6016922,,,-1,0.269,0.075,,,4,1.4,0.7,,,0,,C10 H13 O7 S,10,13,7,1,0,,,,
273,277.071713,277.071762,277.071762,5008292,,,-1,0.176,0.049,,,8,1,0.428571429,,,0,,C14 H13 O6,14,13,6,0,0,,,,
274,277.083015,277.082995,277.082995,6266791,,0,-1,-0.071,-0.02,,,8,1.076923077,0.384615385,,,0,,C13 H13 N2 O5,13,13,5,0,2,,,,
275,277.092765,277.092891,277.092891,2523050,,,-1,0.456,0.126,,,3,1.636363636,0.727272727,,,0,,C11 H17 O8,11,17,8,0,0,,,,
276,277.108187,277.108147,277.108147,13111214,,,-1,-0.145,-0.04,,,7,1.2,0.333333333,,,0,,C15 H17 O5,15,17,5,0,0,,,,
277,277.11141,277.111519,277.111519,6342575,,,-1,0.391,0.108,,,2,1.833333333,0.416666667,,,0,,C12 H21 O5 S,12,21,5,1,0,,,,
278,277.122872,277.122752,277.122752,3152307,,0.5,-1,-0.434,-0.12,,,2,2,0.363636364,,,0,,C11 H21 N2 O4 S,11,21,4,1,2,,,,
279,277.144498,277.144533,277.144533,17317816,,,-1,0.125,0.035,,,6,1.375,0.25,,,0,,C16 H21 O4,16,21,4,0,0,,,,
280,277.184288,277.18429,277.18429,98885576,,,-1,0.005,0.001,,,0,2.142857143,0.214285714,,,0,,C14 H29 O3 S,14,29,3,1,0,,,,
281,278.13981,278.139782,278.139782,4163807,,0,-1,-0.101,-0.028,,,6,1.4,0.266666667,,,0,,C15 H20 N O4,15,20,4,0,1,,,,
282,279.050978,279.051026,279.051026,2701290,,,-1,0.172,0.048,,,8,0.923076923,0.538461538,,,0,,C13 H11 O7,13,11,7,0,0,,,,
283,279.054331,279.054398,279.054398,8362475,,,-1,0.239,0.067,,,3,1.6,0.7,,,0,,C10 H15 O7 S,10,15,7,1,0,,,,
284,279.087464,279.087412,279.087412,6470132,,,-1,-0.187,-0.052,,,7,1.142857143,0.428571429,,,0,,C14 H15 O6,14,15,6,0,0,,,,
285,279.09084,279.090783,279.090783,3069941,,,-1,-0.204,-0.057,,,2,1.818181818,0.545454545,,,0,,C11 H19 O6 S,11,19,6,1,0,,,,
286,279.098583,279.098645,279.098645,4418040,,0,-1,0.223,0.062,,,7,1.230769231,0.384615385,,,0,,C13 H15 N2 O5,13,15,5,0,2,,,,
287,279.123789,279.123797,279.123797,14361087,,,-1,0.03,0.008,,,6,1.333333333,0.333333333,,,0,,C15 H19 O5,15,19,5,0,0,,,,
288,279.1271,279.127169,279.127169,59630080,,,-1,0.245,0.068,,,1,2,0.416666667,,,0,,C12 H23 O5 S,12,23,5,1,0,,,,
289,279.160152,279.160183,279.160183,3088393,,,-1,0.109,0.03,,,5,1.5,0.25,,,0,,C16 H23 O4,16,23,4,0,0,,,,
290,279.163673,279.163554,279.163554,3619338,,,-1,-0.428,-0.119,,,0,2.153846154,0.307692308,,,0,,C13 H27 O4 S,13,27,4,1,0,,,,
291,280.065048,280.064903,280.064903,2261008,,1,-1,-0.52,-0.146,,,7,1.153846154,0.307692308,,,0,,C13 H14 N O4 S,13,14,4,1,1,,,,
292,280.11916,280.119046,280.119046,2427167,,0,-1,-0.406,-0.114,,,6,1.357142857,0.357142857,,,0,,C14 H18 N O5,14,18,5,0,1,,,,
293,281.033658,281.033662,281.033662,2309159,,,-1,0.014,0.004,,,3,1.555555556,0.888888889,,,0,,C9 H13 O8 S,9,13,8,1,0,,,,
294,281.066716,281.066676,281.066676,547021888,,,-1,-0.142,-0.04,,,7,1.076923077,0.538461538,,,0,,C13 H13 O7,13,13,7,0,0,,,,
295,281.10298,281.103062,281.103062,68723768,,,-1,0.291,0.082,,,6,1.285714286,0.428571429,,,0,,C14 H17 O6,14,17,6,0,0,,,,
296,281.106335,281.106433,281.106433,25224252,,,-1,0.349,0.098,,,1,2,0.545454545,,,0,,C11 H21 O6 S,11,21,6,1,0,,,,
297,281.11435,281.114295,281.114295,4010046,,0,-1,-0.196,-0.055,,,6,1.384615385,0.384615385,,,0,,C13 H17 N2 O5,13,17,5,0,2,,,,
298,281.139531,281.139447,281.139447,2546757,,,-1,-0.297,-0.083,,,5,1.466666667,0.333333333,,,0,,C15 H21 O5,15,21,5,0,0,,,,
299,281.142861,281.142819,281.142819,8959046,,,-1,-0.151,-0.043,,,0,2.166666667,0.416666667,,,0,,C12 H25 O5 S,12,25,5,1,0,,,,
300,282.008069,282.007782,282.007782,2303293,,1,-1,-1.018,-0.287,,,8,0.818181818,0.545454545,,,0,,C11 H8 N O6 S,11,8,6,1,1,,,,
301,282.080483,282.080553,282.080553,42378576,,1,-1,0.248,0.07,,,6,1.307692308,0.307692308,,,0,,C13 H16 N O4 S,13,16,4,1,1,,,,
302,283.082403,283.082326,283.082326,8390255,,,-1,-0.272,-0.077,,,6,1.230769231,0.538461538,,,0,,C13 H15 O7,13,15,7,0,0,,,,
303,283.09358,283.09356,283.09356,2770546,,0,-1,-0.071,-0.02,,,6,1.333333333,0.5,,,0,,C12 H15 N2 O6,12,15,6,0,2,,,,
304,283.112807,283.112839,283.112839,2674295,,,-1,0.111,0.031,,,14,0.761904762,0.047619048,,,0,,C21 H15 O,21,15,1,0,0,,,,
305,283.118765,283.118712,283.118712,3682937,,,-1,-0.188,-0.053,,,5,1.428571429,0.428571429,,,0,,C14 H19 O6,14,19,6,0,0,,,,
306,283.129905,283.129945,283.129945,6303356,,0,-1,0.144,0.041,,,5,1.538461538,0.384615385,,,0,,C13 H19 N2 O5,13,19,5,0,2,,,,
307,283.133824,283.133968,283.133968,2409085,,,-1,0.508,0.144,,,9,1.111111111,0.166666667,,,0,,C18 H19 O3,18,19,3,0,0,,,,
308,283.155034,283.155097,283.155097,24659588,,,-1,0.225,0.064,,,4,1.6,0.333333333,,,0,,C15 H23 O5,15,23,5,0,0,,,,
309,283.264299,283.264254,283.264254,7319202,,,-1,-0.158,-0.045,,,1,2,0.111111111,,,0,,C18 H35 O2,18,35,2,0,0,,,,
310,284.07755,284.077575,284.077575,5147528,,0,-1,0.088,0.025,,,6,1.25,0.583333333,,,0,,C12 H14 N O7,12,14,7,0,1,,,,
311,284.125122,284.125194,284.125194,13567893,,0,-1,0.254,0.072,,,5,1.583333333,0.416666667,,,0,,C12 H18 N3 O5,12,18,5,0,3,,,,
312,284.223066,284.223117,284.223117,3213233,,0,-1,0.181,0.051,,,2,1.9375,0.1875,,,0,,C16 H30 N O3,16,30,3,0,1,,,,
313,285.076851,285.076847,285.076847,3395746,,,-1,-0.014,-0.004,,,10,0.875,0.3125,,,0,,C16 H13 O5,16,13,5,0,0,,,,
314,285.080123,285.080218,285.080218,6918307,,,-1,0.336,0.096,,,5,1.384615385,0.384615385,,,0,,C13 H17 O5 S,13,17,5,1,0,,,,
315,285.097987,285.097976,285.097976,7557288,,,-1,-0.037,-0.011,,,5,1.384615385,0.538461538,,,0,,C13 H17 O7,13,17,7,0,0,,,,
316,285.109156,285.10921,285.10921,5417131,,0,-1,0.188,0.053,,,5,1.5,0.5,,,0,,C12 H17 N2 O6,12,17,6,0,2,,,,
317,285.134253,285.134362,285.134362,11684018,,,-1,0.384,0.109,,,4,1.571428571,0.428571429,,,0,,C14 H21 O6,14,21,6,0,0,,,,
318,285.145672,285.145595,285.145595,7514293,,0,-1,-0.269,-0.077,,,4,1.692307692,0.384615385,,,0,,C13 H21 N2 O5,13,21,5,0,2,,,,
319,285.149649,285.149618,285.149618,8503478,,,-1,-0.108,-0.031,,,8,1.222222222,0.166666667,,,0,,C18 H21 O3,18,21,3,0,0,,,,
320,285.170444,285.170747,285.170747,2401468,,,-1,1.063,0.303,,,3,1.733333333,0.333333333,,,0,,C15 H25 O5,15,25,5,0,0,,,,
321,286.075571,286.075467,286.075467,2427834,,1,-1,-0.364,-0.104,,,5,1.416666667,0.416666667,,,0,,C12 H16 N O5 S,12,16,5,1,1,,,,
322,286.093184,286.093225,286.093225,2586047,,0,-1,0.145,0.042,,,5,1.416666667,0.583333333,,,0,,C12 H16 N O7,12,16,7,0,1,,,,
323,286.14091,286.140844,286.140844,2511308,,0,-1,-0.23,-0.066,,,4,1.75,0.416666667,,,0,,C12 H20 N3 O5,12,20,5,0,3,,,,
324,286.238684,286.238767,286.238767,6992360,,0,-1,0.291,0.083,,,1,2.0625,0.1875,,,0,,C16 H32 N O3,16,32,3,0,1,,,,
325,287.077171,287.077241,287.077241,30091986,,,-1,0.243,0.07,,,5,1.333333333,0.666666667,,,0,,C12 H15 O8,12,15,8,0,0,,,,
326,287.088494,287.088474,287.088474,2695893,,0,-1,-0.069,-0.02,,,5,1.454545455,0.636363636,,,0,,C11 H15 N2 O7,11,15,7,0,2,,,,
327,287.092481,287.092497,287.092497,11823830,,,-1,0.056,0.016,,,9,1,0.3125,,,0,,C16 H15 O5,16,15,5,0,0,,,,
328,287.103647,287.103731,287.103731,2414298,,0,-1,0.293,0.084,,,9,1.066666667,0.266666667,,,0,,C15 H15 N2 O4,15,15,4,0,2,,,,
329,287.113654,287.113627,287.113627,8792796,,,-1,-0.095,-0.027,,,4,1.538461538,0.538461538,,,0,,C13 H19 O7,13,19,7,0,0,,,,
330,287.122219,287.122358,287.122358,2341599,,0.5,-1,0.484,0.139,,,8,1.25,0.0625,,,0,,C16 H19 N2 O S,16,19,1,1,2,,,,
331,287.124791,287.12486,287.12486,11578079,,0,-1,0.239,0.069,,,4,1.666666667,0.5,,,0,,C12 H19 N2 O6,12,19,6,0,2,,,,
332,287.128809,287.128883,287.128883,5153505,,,-1,0.257,0.074,,,8,1.176470588,0.235294118,,,0,,C17 H19 O4,17,19,4,0,0,,,,
333,287.161106,287.161245,287.161245,2677482,,0,-1,0.487,0.14,,,3,1.846153846,0.384615385,,,0,,C13 H23 N2 O5,13,23,5,0,2,,,,
334,287.165263,287.165268,287.165268,20617962,,,-1,0.019,0.006,,,7,1.333333333,0.166666667,,,0,,C18 H23 O3,18,23,3,0,0,,,,
335,289.056461,289.056506,289.056506,2972923,,,-1,0.154,0.044,,,5,1.272727273,0.818181818,,,0,,C11 H13 O9,11,13,9,0,0,,,,
336,289.071818,289.071762,289.071762,7865600,,,-1,-0.193,-0.056,,,9,0.933333333,0.4,,,0,,C15 H13 O6,15,13,6,0,0,,,,
337,289.075117,289.075133,289.075133,32574720,,,-1,0.054,0.016,,,4,1.5,0.5,,,0,,C12 H17 O6 S,12,17,6,1,0,,,,
338,289.092897,289.092891,289.092891,7439622,,,-1,-0.02,-0.006,,,4,1.5,0.666666667,,,0,,C12 H17 O8,12,17,8,0,0,,,,
339,289.10808,289.108147,289.108147,37621000,,,-1,0.231,0.067,,,8,1.125,0.3125,,,0,,C16 H17 O5,16,17,5,0,0,,,,
340,289.119365,289.119381,289.119381,3200269,,0,-1,0.053,0.015,,,8,1.2,0.266666667,,,0,,C15 H17 N2 O4,15,17,4,0,2,,,,
341,289.129328,289.129277,289.129277,8174864,,,-1,-0.178,-0.051,,,3,1.692307692,0.538461538,,,0,,C13 H21 O7,13,21,7,0,0,,,,
342,289.144465,289.144533,289.144533,11156756,,,-1,0.235,0.068,,,7,1.294117647,0.235294118,,,0,,C17 H21 O4,17,21,4,0,0,,,,
343,289.180965,289.180918,289.180918,6999326,,,-1,-0.163,-0.047,,,6,1.444444444,0.166666667,,,0,,C18 H25 O3,18,25,3,0,0,,,,
344,289.184326,289.18429,289.18429,2810143,,,-1,-0.125,-0.036,,,1,2,0.2,,,0,,C15 H29 O3 S,15,29,3,1,0,,,,
345,291.087414,291.087412,291.087412,17301300,,,-1,-0.009,-0.003,,,8,1.066666667,0.4,,,0,,C15 H15 O6,15,15,6,0,0,,,,
346,291.09867,291.098645,291.098645,3890999,,0,-1,-0.086,-0.025,,,8,1.142857143,0.357142857,,,0,,C14 H15 N2 O5,14,15,5,0,2,,,,
347,291.123828,291.123797,291.123797,19099454,,,-1,-0.107,-0.031,,,7,1.25,0.3125,,,0,,C16 H19 O5,16,19,5,0,0,,,,
348,291.127326,291.127169,291.127169,2750271,,,-1,-0.54,-0.157,,,2,1.846153846,0.384615385,,,0,,C13 H23 O5 S,13,23,5,1,0,,,,
349,291.134905,291.135031,291.135031,4566849,,0,-1,0.433,0.126,,,7,1.333333333,0.266666667,,,0,,C15 H19 N2 O4,15,19,4,0,2,,,,
350,291.160106,291.160183,291.160183,7130952,,,-1,0.264,0.077,,,6,1.411764706,0.235294118,,,0,,C17 H23 O4,17,23,4,0,0,,,,
351,291.163442,291.163554,291.163554,5172041,,,-1,0.385,0.112,,,1,2,0.285714286,,,0,,C14 H27 O4 S,14,27,4,1,0,,,,
352,291.199926,291.19994,291.19994,4171603,,,-1,0.046,0.013,,,0,2.133333333,0.2,,,0,,C15 H31 O3 S,15,31,3,1,0,,,,
353,291.988094,291.988109,291.988109,2225713,,0.333333333,-1,0.051,0.015,,,6,1,1.142857143,,,0,,C7 H6 N3 O8 S,7,6,8,1,3,,,,
354,292.082673,292.082661,292.082661,14270539,,0,-1,-0.043,-0.013,,,8,1.071428571,0.428571429,,,0,,C14 H14 N O6,14,14,6,0,1,,,,
355,292.103808,292.10379,292.10379,3940433,,0,-1,-0.062,-0.018,,,3,1.727272727,0.727272727,,,0,,C11 H18 N O8,11,18,8,0,1,,,,
356,292.112403,292.112522,292.112522,2190420,,0.333333333,-1,0.407,0.119,,,7,1.357142857,0.142857143,,,0,,C14 H18 N3 O2 S,14,18,2,1,3,,,,
357,292.11911,292.119046,292.119046,2611285,,0,-1,-0.218,-0.064,,,7,1.266666667,0.333333333,,,0,,C15 H18 N O5,15,18,5,0,1,,,,
358,293.06673,293.066676,293.066676,2921824,,,-1,-0.183,-0.054,,,8,1,0.5,,,0,,C14 H13 O7,14,13,7,0,0,,,,
359,293.07785,293.07791,293.07791,2346340,,0,-1,0.204,0.06,,,8,1.076923077,0.461538462,,,0,,C13 H13 N2 O6,13,13,6,0,2,,,,
360,293.103026,293.103062,293.103062,11538795,,,-1,0.122,0.036,,,7,1.2,0.4,,,0,,C15 H17 O6,15,17,6,0,0,,,,
361,293.106356,293.106433,293.106433,10424683,,,-1,0.262,0.077,,,2,1.833333333,0.5,,,0,,C12 H21 O6 S,12,21,6,1,0,,,,
362,293.114205,293.114295,293.114295,14995822,,0,-1,0.308,0.09,,,7,1.285714286,0.357142857,,,0,,C14 H17 N2 O5,14,17,5,0,2,,,,
363,293.139367,293.139447,293.139447,25776500,,,-1,0.276,0.081,,,6,1.375,0.3125,,,0,,C16 H21 O5,16,21,5,0,0,,,,
364,293.142717,293.142819,293.142819,28619126,,,-1,0.346,0.101,,,1,2,0.384615385,,,0,,C13 H25 O5 S,13,25,5,1,0,,,,
365,293.175841,293.175833,293.175833,4937087,,,-1,-0.026,-0.008,,,5,1.529411765,0.235294118,,,0,,C17 H25 O4,17,25,4,0,0,,,,
366,293.179194,293.179204,293.179204,56734080,,,-1,0.034,0.01,,,0,2.142857143,0.285714286,,,0,,C14 H29 O4 S,14,29,4,1,0,,,,
367,294.080581,294.080553,294.080553,2252927,,1,-1,-0.094,-0.028,,,7,1.214285714,0.285714286,,,0,,C14 H16 N O4 S,14,16,4,1,1,,,,
368,295.082377,295.082326,295.082326,78705560,,,-1,-0.171,-0.05,,,7,1.142857143,0.5,,,0,,C14 H15 O7,14,15,7,0,0,,,,
369,295.118748,295.118712,295.118712,16237478,,,-1,-0.123,-0.036,,,6,1.333333333,0.4,,,0,,C15 H19 O6,15,19,6,0,0,,,,
370,295.12206,295.122083,295.122083,52360104,,,-1,0.079,0.023,,,1,2,0.5,,,0,,C12 H23 O6 S,12,23,6,1,0,,,,
371,295.129874,295.129945,295.129945,12792746,,0,-1,0.24,0.071,,,6,1.428571429,0.357142857,,,0,,C14 H19 N2 O5,14,19,5,0,2,,,,
372,295.155073,295.155097,295.155097,3956657,,,-1,0.082,0.024,,,5,1.5,0.3125,,,0,,C16 H23 O5,16,23,5,0,0,,,,
373,296.096251,296.096203,296.096203,4380862,,1,-1,-0.163,-0.048,,,6,1.357142857,0.285714286,,,0,,C14 H18 N O4 S,14,18,4,1,1,,,,
374,297.043775,297.043833,297.043833,3788239,,,-1,0.194,0.058,,,7,1.076923077,0.461538462,,,0,,C13 H13 O6 S,13,13,6,1,0,,,,
375,297.055157,297.055066,297.055066,6708691,,0.5,-1,-0.304,-0.09,,,7,1.166666667,0.416666667,,,0,,C12 H13 N2 O5 S,12,13,5,1,2,,,,
376,297.061521,297.061591,297.061591,3860948,,,-1,0.234,0.07,,,7,1.076923077,0.615384615,,,0,,C13 H13 O8,13,13,8,0,0,,,,
377,297.06496,297.064962,297.064962,3693013,,,-1,0.006,0.002,,,2,1.8,0.8,,,0,,C10 H17 O8 S,10,17,8,1,0,,,,
378,297.097872,297.097976,297.097976,62895584,,,-1,0.35,0.104,,,6,1.285714286,0.5,,,0,,C14 H17 O7,14,17,7,0,0,,,,
379,297.10929,297.10921,297.10921,4039138,,0,-1,-0.271,-0.081,,,6,1.384615385,0.461538462,,,0,,C13 H17 N2 O6,13,17,6,0,2,,,,
380,297.134308,297.134362,297.134362,10569193,,,-1,0.181,0.054,,,5,1.466666667,0.4,,,0,,C15 H21 O6,15,21,6,0,0,,,,
381,297.137722,297.137733,297.137733,3590634,,,-1,0.038,0.011,,,0,2.166666667,0.5,,,0,,C12 H25 O6 S,12,25,6,1,0,,,,
382,297.145617,297.145595,297.145595,6045165,,0,-1,-0.074,-0.022,,,5,1.571428571,0.357142857,,,0,,C14 H21 N2 O5,14,21,5,0,2,,,,
383,297.149677,297.149618,297.149618,4018670,,,-1,-0.198,-0.059,,,9,1.157894737,0.157894737,,,0,,C19 H21 O3,19,21,3,0,0,,,,
384,297.152937,297.152989,297.152989,27088366,,,-1,0.177,0.053,,,4,1.625,0.1875,,,0,,C16 H25 O3 S,16,25,3,1,0,,,,
385,297.170783,297.170747,297.170747,12219892,,,-1,-0.119,-0.035,,,4,1.625,0.3125,,,0,,C16 H25 O5,16,25,5,0,0,,,,
386,298.075509,298.075467,298.075467,6940411,,1,-1,-0.138,-0.041,,,6,1.307692308,0.384615385,,,0,,C13 H16 N O5 S,13,16,5,1,1,,,,
387,298.096866,298.096597,298.096597,2296065,,1,-1,-0.902,-0.269,,,1,2.1,0.7,,,0,,C10 H20 N O7 S,10,20,7,1,1,,,,
388,298.140883,298.140844,298.140844,20715278,,0,-1,-0.131,-0.039,,,5,1.615384615,0.384615385,,,0,,C13 H20 N3 O5,13,20,5,0,3,,,,
389,299.059465,299.059483,299.059483,11016219,,,-1,0.059,0.018,,,6,1.230769231,0.461538462,,,0,,C13 H15 O6 S,13,15,6,1,0,,,,
390,299.077137,299.077241,299.077241,6807584,,,-1,0.348,0.104,,,6,1.230769231,0.615384615,,,0,,C13 H15 O8,13,15,8,0,0,,,,
391,299.088489,299.088474,299.088474,2652196,,0,-1,-0.049,-0.015,,,6,1.333333333,0.583333333,,,0,,C12 H15 N2 O7,12,15,7,0,2,,,,
392,299.095813,299.095868,299.095868,2518054,,,-1,0.186,0.055,,,5,1.428571429,0.357142857,,,0,,C14 H19 O5 S,14,19,5,1,0,,,,
393,299.113632,299.113627,299.113627,369293344,,,-1,-0.017,-0.005,,,5,1.428571429,0.5,,,0,,C14 H19 O7,14,19,7,0,0,,,,
394,299.124861,299.12486,299.12486,12769326,,0,-1,-0.004,-0.001,,,5,1.538461538,0.461538462,,,0,,C13 H19 N2 O6,13,19,6,0,2,,,,
395,299.150059,299.150012,299.150012,13305910,,,-1,-0.157,-0.047,,,4,1.6,0.4,,,0,,C15 H23 O6,15,23,6,0,0,,,,
396,299.161206,299.161245,299.161245,10004537,,0,-1,0.131,0.039,,,4,1.714285714,0.357142857,,,0,,C14 H23 N2 O5,14,23,5,0,2,,,,
397,299.165186,299.165268,299.165268,2525242,,,-1,0.273,0.082,,,8,1.263157895,0.157894737,,,0,,C19 H23 O3,19,23,3,0,0,,,,
398,300.072622,300.07249,300.07249,2602311,,0,-1,-0.441,-0.132,,,6,1.25,0.666666667,,,0,,C12 H14 N O8,12,14,8,0,1,,,,
399,300.090952,300.091117,300.091117,4579660,,1,-1,0.551,0.165,,,5,1.461538462,0.384615385,,,0,,C13 H18 N O5 S,13,18,5,1,1,,,,
400,300.119861,300.120109,300.120109,3679573,,0,-1,0.827,0.248,,,5,1.583333333,0.5,,,0,,C12 H18 N3 O6,12,18,6,0,3,,,,
401,300.156483,300.156494,300.156494,2280800,,0,-1,0.036,0.011,,,4,1.769230769,0.384615385,,,0,,C13 H22 N3 O5,13,22,5,0,3,,,,
402,301.067948,301.067739,301.067739,2845296,,0,-1,-0.693,-0.209,,,6,1.272727273,0.727272727,,,0,,C11 H13 N2 O8,11,13,8,0,2,,,,
403,301.071796,301.071762,301.071762,2764913,,,-1,-0.114,-0.034,,,10,0.875,0.375,,,0,,C16 H13 O6,16,13,6,0,0,,,,
404,301.075158,301.075133,301.075133,4508274,,,-1,-0.083,-0.025,,,5,1.384615385,0.461538462,,,0,,C13 H17 O6 S,13,17,6,1,0,,,,
405,301.092876,301.092891,301.092891,22010488,,,-1,0.05,0.015,,,5,1.384615385,0.615384615,,,0,,C13 H17 O8,13,17,8,0,0,,,,
406,301.10416,301.104124,301.104124,2764411,,0,-1,-0.117,-0.035,,,5,1.5,0.583333333,,,0,,C12 H17 N2 O7,12,17,7,0,2,,,,
407,301.108171,301.108147,301.108147,19397244,,,-1,-0.08,-0.024,,,9,1.058823529,0.294117647,,,0,,C17 H17 O5,17,17,5,0,0,,,,
408,301.119572,301.119381,301.119381,3103360,,0,-1,-0.636,-0.191,,,9,1.125,0.25,,,0,,C16 H17 N2 O4,16,17,4,0,2,,,,
409,301.134713,301.134637,301.134637,2366596,,0,-1,-0.254,-0.076,,,13,0.9,0.05,,,0,,C20 H17 N2 O,20,17,1,0,2,,,,
410,301.140537,301.14051,301.14051,18393734,,0,-1,-0.09,-0.027,,,4,1.692307692,0.461538462,,,0,,C13 H21 N2 O6,13,21,6,0,2,,,,
411,301.144494,301.144533,301.144533,24976008,,,-1,0.127,0.038,,,8,1.222222222,0.222222222,,,0,,C18 H21 O4,18,21,4,0,0,,,,
412,301.176971,301.176895,301.176895,3052177,,0,-1,-0.25,-0.075,,,3,1.857142857,0.357142857,,,0,,C14 H25 N2 O5,14,25,5,0,2,,,,
413,301.180873,301.180918,301.180918,2647698,,,-1,0.15,0.045,,,7,1.368421053,0.157894737,,,0,,C19 H25 O3,19,25,3,0,0,,,,
414,302.088087,302.08814,302.08814,5067685,,0,-1,0.177,0.053,,,5,1.416666667,0.666666667,,,0,,C12 H16 N O8,12,16,8,0,1,,,,
415,302.135717,302.135759,302.135759,4680627,,0,-1,0.14,0.042,,,4,1.75,0.5,,,0,,C12 H20 N3 O6,12,20,6,0,3,,,,
416,302.269883,302.270068,302.270068,2276316,,0,-1,0.611,0.185,,,0,2.176470588,0.176470588,,,0,,C17 H36 N O3,17,36,3,0,1,,,,
417,303.05098,303.051026,303.051026,8940747,,,-1,0.153,0.046,,,10,0.8,0.466666667,,,0,,C15 H11 O7,15,11,7,0,0,,,,
418,303.072056,303.072156,303.072156,2453713,,,-1,0.327,0.099,,,5,1.333333333,0.75,,,0,,C12 H15 O9,12,15,9,0,0,,,,
419,303.0874,303.087412,303.087412,11865302,,,-1,0.038,0.012,,,9,1,0.375,,,0,,C16 H15 O6,16,15,6,0,0,,,,
420,303.098609,303.098645,303.098645,5178586,,0,-1,0.119,0.036,,,9,1.066666667,0.333333333,,,0,,C15 H15 N2 O5,15,15,5,0,2,,,,
421,303.119757,303.119775,303.119775,5962976,,0,-1,0.059,0.018,,,4,1.666666667,0.583333333,,,0,,C12 H19 N2 O7,12,19,7,0,2,,,,
422,303.123835,303.123797,303.123797,6925538,,,-1,-0.124,-0.038,,,8,1.176470588,0.294117647,,,0,,C17 H19 O5,17,19,5,0,0,,,,
423,303.144882,303.144927,303.144927,2449128,,,-1,0.147,0.044,,,3,1.714285714,0.5,,,0,,C14 H23 O7,14,23,7,0,0,,,,
424,303.160218,303.160183,303.160183,75857136,,,-1,-0.117,-0.035,,,7,1.333333333,0.222222222,,,0,,C18 H23 O4,18,23,4,0,0,,,,
425,305.033573,305.033662,305.033662,9953077,,,-1,0.291,0.089,,,5,1.272727273,0.727272727,,,0,,C11 H13 O8 S,11,13,8,1,0,,,,
426,305.045052,305.044896,305.044896,2284856,,0.5,-1,-0.512,-0.156,,,5,1.4,0.7,,,0,,C10 H13 N2 O7 S,10,13,7,1,2,,,,
427,305.066611,305.066676,305.066676,3317567,,,-1,0.213,0.065,,,9,0.933333333,0.466666667,,,0,,C15 H13 O7,15,13,7,0,0,,,,
428,305.087849,305.087806,305.087806,30089030,,,-1,-0.141,-0.043,,,4,1.5,0.75,,,0,,C12 H17 O9,12,17,9,0,0,,,,
429,305.102991,305.103062,305.103062,72236872,,,-1,0.233,0.071,,,8,1.125,0.375,,,0,,C16 H17 O6,16,17,6,0,0,,,,
430,305.117766,305.117667,305.117667,3139407,,0.5,-1,-0.326,-0.1,,,3,1.833333333,0.416666667,,,0,,C12 H21 N2 O5 S,12,21,5,1,2,,,,
431,305.139348,305.139447,305.139447,11603798,,,-1,0.324,0.099,,,7,1.294117647,0.294117647,,,0,,C17 H21 O5,17,21,5,0,0,,,,
432,305.142625,305.142819,305.142819,2432343,,,-1,0.635,0.194,,,2,1.857142857,0.357142857,,,0,,C14 H25 O5 S,14,25,5,1,0,,,,
433,305.150631,305.150681,305.150681,3235674,,0,-1,0.165,0.05,,,7,1.375,0.25,,,0,,C16 H21 N2 O4,16,21,4,0,2,,,,
434,305.175722,305.175833,305.175833,60325728,,,-1,0.364,0.111,,,6,1.444444444,0.222222222,,,0,,C18 H25 O4,18,25,4,0,0,,,,
435,305.178884,305.179204,305.179204,3614563,,,-1,1.05,0.32,,,1,2,0.266666667,,,0,,C15 H29 O4 S,15,29,4,1,0,,,,
436,306.098469,306.098311,306.098311,3053192,,0,-1,-0.516,-0.158,,,8,1.133333333,0.4,,,0,,C15 H16 N O6,15,16,6,0,1,,,,
437,307.049135,307.049312,307.049312,2353595,,,-1,0.578,0.177,,,4,1.454545455,0.727272727,,,0,,C11 H15 O8 S,11,15,8,1,0,,,,
438,307.082289,307.082326,307.082326,8956357,,,-1,0.121,0.037,,,8,1.066666667,0.466666667,,,0,,C15 H15 O7,15,15,7,0,0,,,,
439,307.093608,307.09356,307.09356,3428041,,0,-1,-0.156,-0.048,,,8,1.142857143,0.428571429,,,0,,C14 H15 N2 O6,14,15,6,0,2,,,,
440,307.11869,307.118712,307.118712,49496528,,,-1,0.072,0.022,,,7,1.25,0.375,,,0,,C16 H19 O6,16,19,6,0,0,,,,
441,307.129996,307.129945,307.129945,4154837,,0,-1,-0.164,-0.05,,,7,1.333333333,0.333333333,,,0,,C15 H19 N2 O5,15,19,5,0,2,,,,
442,307.155089,307.155097,307.155097,8800733,,,-1,0.029,0.009,,,6,1.411764706,0.294117647,,,0,,C17 H23 O5,17,23,5,0,0,,,,
443,307.15846,307.158469,307.158469,17392094,,,-1,0.029,0.009,,,1,2,0.357142857,,,0,,C14 H27 O5 S,14,27,5,1,0,,,,
444,307.194882,307.194854,307.194854,12087786,,,-1,-0.089,-0.027,,,0,2.133333333,0.266666667,,,0,,C15 H31 O4 S,15,31,4,1,0,,,,
445,308.10826,308.108088,308.108088,4333334,,0,-1,-0.56,-0.172,,,16,0.681818182,0.045454545,,,0,,C22 H14 N O,22,14,1,0,1,,,,
446,308.113841,308.113961,308.113961,2219800,,0,-1,0.388,0.12,,,7,1.266666667,0.4,,,0,,C15 H18 N O6,15,18,6,0,1,,,,
447,309.06165,309.061591,309.061591,2306132,,,-1,-0.19,-0.059,,,8,1,0.571428571,,,0,,C14 H13 O8,14,13,8,0,0,,,,
448,309.09799,309.097976,309.097976,24560736,,,-1,-0.045,-0.014,,,7,1.2,0.466666667,,,0,,C15 H17 O7,15,17,7,0,0,,,,
449,309.101368,309.101348,309.101348,6245473,,,-1,-0.064,-0.02,,,2,1.833333333,0.583333333,,,0,,C12 H21 O7 S,12,21,7,1,0,,,,
450,309.109189,309.10921,309.10921,11838564,,0,-1,0.068,0.021,,,7,1.285714286,0.428571429,,,0,,C14 H17 N2 O6,14,17,6,0,2,,,,
451,309.134405,309.134362,309.134362,42648684,,,-1,-0.14,-0.043,,,6,1.375,0.375,,,0,,C16 H21 O6,16,21,6,0,0,,,,
452,309.137765,309.137733,309.137733,19580014,,,-1,-0.102,-0.032,,,1,2,0.461538462,,,0,,C13 H25 O6 S,13,25,6,1,0,,,,
453,309.145708,309.145595,309.145595,2683504,,0,-1,-0.363,-0.112,,,6,1.466666667,0.333333333,,,0,,C15 H21 N2 O5,15,21,5,0,2,,,,
454,309.170758,309.170747,309.170747,2904184,,,-1,-0.033,-0.01,,,5,1.529411765,0.294117647,,,0,,C17 H25 O5,17,25,5,0,0,,,,
455,309.174171,309.174119,309.174119,6794362,,,-1,-0.17,-0.053,,,0,2.142857143,0.357142857,,,0,,C14 H29 O5 S,14,29,5,1,0,,,,
456,309.977617,309.977544,309.977544,2328970,,0.333333333,-1,-0.236,-0.073,,,10,0.5,0.7,,,0,,C10 H4 N3 O7 S,10,4,7,1,3,,,,
457,310.09311,310.093225,310.093225,4209073,,0,-1,0.372,0.115,,,7,1.214285714,0.5,,,0,,C14 H16 N O7,14,16,7,0,1,,,,
458,310.123285,310.123086,310.123086,2506171,,0.333333333,-1,-0.641,-0.199,,,6,1.5,0.214285714,,,0,,C14 H20 N3 O3 S,14,20,3,1,3,,,,
459,310.124035,310.123738,310.123738,4816316,,0,-1,-0.96,-0.298,,,15,0.772727273,0.045454545,,,0,,C22 H16 N O,22,16,1,0,1,,,,
460,311.077235,311.077241,311.077241,12310276,,,-1,0.02,0.006,,,7,1.142857143,0.571428571,,,0,,C14 H15 O8,14,15,8,0,0,,,,
461,311.080433,311.080612,311.080612,2470661,,,-1,0.577,0.18,,,2,1.818181818,0.727272727,,,0,,C11 H19 O8 S,11,19,8,1,0,,,,
462,311.088484,311.088474,311.088474,4070152,,0,-1,-0.032,-0.01,,,7,1.230769231,0.538461538,,,0,,C13 H15 N2 O7,13,15,7,0,2,,,,
463,311.113674,311.113627,311.113627,16852752,,,-1,-0.152,-0.047,,,6,1.333333333,0.466666667,,,0,,C15 H19 O7,15,19,7,0,0,,,,
464,311.117031,311.116998,311.116998,9783058,,,-1,-0.107,-0.033,,,1,2,0.583333333,,,0,,C12 H23 O7 S,12,23,7,1,0,,,,
465,311.12497,311.12486,311.12486,2714389,,0,-1,-0.353,-0.11,,,6,1.428571429,0.428571429,,,0,,C14 H19 N2 O6,14,19,6,0,2,,,,
466,311.150183,311.150012,311.150012,4063005,,,-1,-0.549,-0.171,,,5,1.5,0.375,,,0,,C16 H23 O6,16,23,6,0,0,,,,
467,311.161222,311.161245,311.161245,2994977,,0,-1,0.075,0.023,,,5,1.6,0.333333333,,,0,,C15 H23 N2 O5,15,23,5,0,2,,,,
468,311.168534,311.168639,311.168639,64161572,,,-1,0.339,0.106,,,4,1.647058824,0.176470588,,,0,,C17 H27 O3 S,17,27,3,1,0,,,,
469,311.186122,311.186398,311.186398,2267946,,,-1,0.884,0.275,,,4,1.647058824,0.294117647,,,0,,C17 H27 O5,17,27,5,0,0,,,,
470,312.09115,312.091117,312.091117,2577511,,1,-1,-0.104,-0.032,,,6,1.357142857,0.357142857,,,0,,C14 H18 N O5 S,14,18,5,1,1,,,,
471,312.109073,312.108876,312.108876,2530414,,0,-1,-0.634,-0.198,,,6,1.357142857,0.5,,,0,,C14 H18 N O7,14,18,7,0,1,,,,
472,312.156547,312.156494,312.156494,7348351,,0,-1,-0.168,-0.053,,,5,1.642857143,0.357142857,,,0,,C14 H22 N3 O5,14,22,5,0,3,,,,
473,313.046647,313.04661,313.04661,2555324,,0,-1,-0.12,-0.037,,,12,0.666666667,0.4,,,0,,C15 H9 N2 O6,15,9,6,0,2,,,,
474,313.092921,313.092891,313.092891,14727629,,,-1,-0.094,-0.03,,,6,1.285714286,0.571428571,,,0,,C14 H17 O8,14,17,8,0,0,,,,
475,313.103992,313.104124,313.104124,2544081,,0,-1,0.422,0.132,,,6,1.384615385,0.538461538,,,0,,C13 H17 N2 O7,13,17,7,0,2,,,,
476,313.111454,313.111519,313.111519,3531220,,,-1,0.206,0.065,,,5,1.466666667,0.333333333,,,0,,C15 H21 O5 S,15,21,5,1,0,,,,
477,313.129312,313.129277,313.129277,30902746,,,-1,-0.114,-0.036,,,5,1.466666667,0.466666667,,,0,,C15 H21 O7,15,21,7,0,0,,,,
478,313.140431,313.14051,313.14051,5870046,,0,-1,0.251,0.079,,,5,1.571428571,0.428571429,,,0,,C14 H21 N2 O6,14,21,6,0,2,,,,
479,313.144443,313.144533,313.144533,26577376,,,-1,0.285,0.089,,,9,1.157894737,0.210526316,,,0,,C19 H21 O4,19,21,4,0,0,,,,
480,313.176854,313.176895,313.176895,4659691,,0,-1,0.134,0.042,,,4,1.733333333,0.333333333,,,0,,C15 H25 N2 O5,15,25,5,0,2,,,,
481,314.070397,314.070382,314.070382,7500592,,1,-1,-0.048,-0.015,,,6,1.307692308,0.461538462,,,0,,C13 H16 N O6 S,13,16,6,1,1,,,,
482,314.088344,314.08814,314.08814,2344759,,0,-1,-0.649,-0.204,,,6,1.307692308,0.615384615,,,0,,C13 H16 N O8,13,16,8,0,1,,,,
483,314.114603,314.11463,314.11463,11520832,,0,-1,0.084,0.026,,,10,1.0625,0.25,,,0,,C16 H16 N3 O4,16,16,4,0,3,,,,
484,314.124281,314.124526,314.124526,6886212,,0,-1,0.78,0.245,,,5,1.5,0.5,,,0,,C14 H20 N O7,14,20,7,0,1,,,,
485,314.130158,314.129886,314.129886,2869062,,0,-1,-0.867,-0.272,,,14,0.85,0.05,,,0,,C20 H16 N3 O,20,16,1,0,3,,,,
486,314.135663,314.135759,314.135759,7791432,,0,-1,0.305,0.096,,,5,1.615384615,0.461538462,,,0,,C13 H20 N3 O6,13,20,6,0,3,,,,
487,314.139727,314.139782,314.139782,5009226,,0,-1,0.174,0.055,,,9,1.166666667,0.222222222,,,0,,C18 H20 N O4,18,20,4,0,1,,,,
488,314.172089,314.172144,314.172144,5577557,,0,-1,0.177,0.056,,,4,1.785714286,0.357142857,,,0,,C14 H24 N3 O5,14,24,5,0,3,,,,
489,315.054178,315.054398,315.054398,4420764,,,-1,0.696,0.219,,,6,1.230769231,0.538461538,,,0,,C13 H15 O7 S,13,15,7,1,0,,,,
490,315.072176,315.072156,315.072156,5205155,,,-1,-0.066,-0.021,,,6,1.230769231,0.692307692,,,0,,C13 H15 O9,13,15,9,0,0,,,,
491,315.083273,315.083389,315.083389,2518183,,0,-1,0.369,0.116,,,6,1.333333333,0.666666667,,,0,,C12 H15 N2 O8,12,15,8,0,2,,,,
492,315.108615,315.108541,315.108541,7644336,,,-1,-0.235,-0.074,,,5,1.428571429,0.571428571,,,0,,C14 H19 O8,14,19,8,0,0,,,,
493,315.114036,315.113901,315.113901,4041906,,0,-1,-0.426,-0.134,,,14,0.8,0.1,,,0,,C20 H15 N2 O2,20,15,2,0,2,,,,
494,315.119779,315.119775,315.119775,6718645,,0,-1,-0.014,-0.004,,,5,1.538461538,0.538461538,,,0,,C13 H19 N2 O7,13,19,7,0,2,,,,
495,315.123699,315.123797,315.123797,7271606,,,-1,0.313,0.099,,,9,1.111111111,0.277777778,,,0,,C18 H19 O5,18,19,5,0,0,,,,
496,315.144759,315.144927,315.144927,2357182,,,-1,0.533,0.168,,,4,1.6,0.466666667,,,0,,C15 H23 O7,15,23,7,0,0,,,,
497,315.156123,315.15616,315.15616,17214658,,0,-1,0.119,0.037,,,4,1.714285714,0.428571429,,,0,,C14 H23 N2 O6,14,23,6,0,2,,,,
498,315.160116,315.160183,315.160183,30084292,,,-1,0.212,0.067,,,8,1.263157895,0.210526316,,,0,,C19 H23 O4,19,23,4,0,0,,,,
499,316.070788,316.070776,316.070776,9119259,,1,-1,-0.039,-0.012,,,1,2.111111111,1,,,0,,C9 H18 N O9 S,9,18,9,1,1,,,,
500,316.086018,316.086032,316.086032,2765345,,1,-1,0.045,0.014,,,5,1.461538462,0.461538462,,,0,,C13 H18 N O6 S,13,18,6,1,1,,,,
501,316.103815,316.10379,316.10379,2402856,,0,-1,-0.078,-0.025,,,5,1.461538462,0.615384615,,,0,,C13 H18 N O8,13,18,8,0,1,,,,
502,316.115225,316.115024,316.115024,2509868,,0,-1,-0.637,-0.201,,,5,1.583333333,0.583333333,,,0,,C12 H18 N3 O7,12,18,7,0,3,,,,
503,316.151423,316.151409,316.151409,4304442,,0,-1,-0.045,-0.014,,,4,1.769230769,0.461538462,,,0,,C13 H22 N3 O6,13,22,6,0,3,,,,
504,316.248986,316.249332,316.249332,2730591,,0,-1,1.094,0.346,,,1,2.058823529,0.235294118,,,0,,C17 H34 N O4,17,34,4,0,1,,,,
505,317.066613,317.066676,317.066676,4683674,,,-1,0.2,0.063,,,10,0.875,0.4375,,,0,,C16 H13 O7,16,13,7,0,0,,,,
506,317.098878,317.099039,317.099039,3907495,,0,-1,0.509,0.161,,,5,1.5,0.666666667,,,0,,C12 H17 N2 O8,12,17,8,0,2,,,,
507,317.103009,317.103062,317.103062,16969640,,,-1,0.168,0.053,,,9,1.058823529,0.352941176,,,0,,C17 H17 O6,17,17,6,0,0,,,,
508,317.114226,317.114295,317.114295,3270573,,0,-1,0.217,0.069,,,9,1.125,0.3125,,,0,,C16 H17 N2 O5,16,17,5,0,2,,,,
509,317.124413,317.124191,317.124191,2649521,,,-1,-0.7,-0.222,,,4,1.571428571,0.571428571,,,0,,C14 H21 O8,14,21,8,0,0,,,,
510,317.129651,317.129551,317.129551,2504627,,0,-1,-0.315,-0.1,,,13,0.9,0.1,,,0,,C20 H17 N2 O2,20,17,2,0,2,,,,
511,317.13541,317.135425,317.135425,7722933,,0,-1,0.046,0.015,,,4,1.692307692,0.538461538,,,0,,C13 H21 N2 O7,13,21,7,0,2,,,,
512,317.139389,317.139447,317.139447,9600950,,,-1,0.183,0.058,,,8,1.222222222,0.277777778,,,0,,C18 H21 O5,18,21,5,0,0,,,,
513,317.175769,317.175833,317.175833,16478148,,,-1,0.202,0.064,,,7,1.368421053,0.210526316,,,0,,C19 H25 O4,19,25,4,0,0,,,,
514,317.186976,317.187066,317.187066,25415624,,0,-1,0.286,0.091,,,7,1.444444444,0.166666667,,,0,,C18 H25 N2 O3,18,25,3,0,2,,,,
515,318.101484,318.101682,318.101682,2340912,,1,-1,0.622,0.198,,,4,1.615384615,0.461538462,,,0,,C13 H20 N O6 S,13,20,6,1,1,,,,
516,318.109501,318.109544,318.109544,5029171,,0,-1,0.136,0.043,,,9,1.133333333,0.333333333,,,0,,C15 H16 N3 O5,15,16,5,0,3,,,,
517,319.082463,319.082326,319.082326,5594809,,,-1,-0.429,-0.137,,,9,1,0.4375,,,0,,C16 H15 O7,16,15,7,0,0,,,,
518,319.118735,319.118712,319.118712,14160583,,,-1,-0.073,-0.023,,,8,1.176470588,0.352941176,,,0,,C17 H19 O6,17,19,6,0,0,,,,
519,319.155185,319.155097,319.155097,16650966,,,-1,-0.275,-0.088,,,7,1.333333333,0.277777778,,,0,,C18 H23 O5,18,23,5,0,0,,,,
520,319.191569,319.191483,319.191483,3354341,,,-1,-0.27,-0.086,,,6,1.473684211,0.210526316,,,0,,C19 H27 O4,19,27,4,0,0,,,,
521,320.124865,320.125194,320.125194,2590306,,0,-1,1.028,0.329,,,8,1.266666667,0.333333333,,,0,,C15 H18 N3 O5,15,18,5,0,3,,,,
522,321.06489,321.064962,321.064962,40719848,,,-1,0.226,0.073,,,4,1.5,0.666666667,,,0,,C12 H17 O8 S,12,17,8,1,0,,,,
523,321.097972,321.097976,321.097976,46519800,,,-1,0.014,0.005,,,8,1.125,0.4375,,,0,,C16 H17 O7,16,17,7,0,0,,,,
524,321.109163,321.10921,321.10921,5364221,,0,-1,0.146,0.047,,,8,1.2,0.4,,,0,,C15 H17 N2 O6,15,17,6,0,2,,,,
525,321.113462,321.113233,321.113233,2240511,,,-1,-0.715,-0.23,,,12,0.9,0.2,,,0,,C20 H17 O4,20,17,4,0,0,,,,
526,321.132195,321.13186,321.13186,4454919,,,-1,-1.044,-0.335,,,11,1.047619048,0.047619048,,,0,,C21 H21 O S,21,21,1,1,0,,,,
527,321.134367,321.134362,321.134362,14472711,,,-1,-0.015,-0.005,,,7,1.294117647,0.352941176,,,0,,C17 H21 O6,17,21,6,0,0,,,,
528,321.137704,321.137733,321.137733,5077513,,,-1,0.092,0.03,,,2,1.857142857,0.428571429,,,0,,C14 H25 O6 S,14,25,6,1,0,,,,
529,321.145484,321.145595,321.145595,3054092,,0,-1,0.346,0.111,,,7,1.375,0.3125,,,0,,C16 H21 N2 O5,16,21,5,0,2,,,,
530,321.170789,321.170747,321.170747,11925015,,,-1,-0.13,-0.042,,,6,1.444444444,0.277777778,,,0,,C18 H25 O5,18,25,5,0,0,,,,
531,321.191757,321.191877,321.191877,3083808,,,-1,0.374,0.12,,,1,2,0.466666667,,,0,,C15 H29 O7,15,29,7,0,0,,,,
532,321.2104,321.210504,321.210504,2935335,,,-1,0.324,0.104,,,0,2.125,0.25,,,0,,C16 H33 O4 S,16,33,4,1,0,,,,
533,322.123981,322.123738,322.123738,6313901,,0,-1,-0.754,-0.243,,,16,0.739130435,0.043478261,,,0,,C23 H16 N O,23,16,1,0,1,,,,
534,322.140887,322.140844,322.140844,2441140,,0,-1,-0.133,-0.043,,,7,1.4,0.333333333,,,0,,C15 H20 N3 O5,15,20,5,0,3,,,,
535,323.044132,323.044227,323.044227,9812284,,,-1,0.293,0.095,,,4,1.454545455,0.818181818,,,0,,C11 H15 O9 S,11,15,9,1,0,,,,
536,323.077217,323.077241,323.077241,40622412,,,-1,0.075,0.024,,,8,1.066666667,0.533333333,,,0,,C15 H15 O8,15,15,8,0,0,,,,
537,323.088445,323.088474,323.088474,2256208,,0,-1,0.092,0.03,,,8,1.142857143,0.5,,,0,,C14 H15 N2 O7,14,15,7,0,2,,,,
538,323.091667,323.091846,323.091846,2627409,,0.5,-1,0.555,0.179,,,3,1.818181818,0.636363636,,,0,,C11 H19 N2 O7 S,11,19,7,1,2,,,,
539,323.11365,323.113627,323.113627,67656024,,,-1,-0.072,-0.023,,,7,1.25,0.4375,,,0,,C16 H19 O7,16,19,7,0,0,,,,
540,323.124774,323.12486,323.12486,4456800,,0,-1,0.267,0.086,,,7,1.333333333,0.4,,,0,,C15 H19 N2 O6,15,19,6,0,2,,,,
541,323.150098,323.150012,323.150012,10762603,,,-1,-0.266,-0.086,,,6,1.411764706,0.352941176,,,0,,C17 H23 O6,17,23,6,0,0,,,,
542,323.153406,323.153383,323.153383,7891308,,,-1,-0.071,-0.023,,,1,2,0.428571429,,,0,,C14 H27 O6 S,14,27,6,1,0,,,,
543,324.090984,324.091117,324.091117,14985996,,1,-1,0.411,0.133,,,7,1.266666667,0.333333333,,,0,,C15 H18 N O5 S,15,18,5,1,1,,,,
544,324.156526,324.156494,324.156494,3613482,,0,-1,-0.097,-0.031,,,6,1.533333333,0.333333333,,,0,,C15 H22 N3 O5,15,22,5,0,3,,,,
545,325.092856,325.092891,325.092891,17833170,,,-1,0.107,0.035,,,7,1.2,0.533333333,,,0,,C15 H17 O8,15,17,8,0,0,,,,
546,325.095991,325.096262,325.096262,3254996,,,-1,0.834,0.271,,,2,1.833333333,0.666666667,,,0,,C12 H21 O8 S,12,21,8,1,0,,,,
547,325.104148,325.104124,325.104124,2474200,,0,-1,-0.072,-0.023,,,7,1.285714286,0.5,,,0,,C14 H17 N2 O7,14,17,7,0,2,,,,
548,325.107412,325.107496,325.107496,19193050,,0.5,-1,0.257,0.084,,,2,2,0.636363636,,,0,,C11 H21 N2 O7 S,11,21,7,1,2,,,,
549,325.108425,325.108147,325.108147,2682074,,,-1,-0.853,-0.277,,,11,0.947368421,0.263157895,,,0,,C19 H17 O5,19,17,5,0,0,,,,
550,325.129301,325.129277,325.129277,7949539,,,-1,-0.076,-0.025,,,6,1.375,0.4375,,,0,,C16 H21 O7,16,21,7,0,0,,,,
551,325.132602,325.132648,325.132648,4447461,,,-1,0.141,0.046,,,1,2,0.538461538,,,0,,C13 H25 O7 S,13,25,7,1,0,,,,
552,325.165723,325.165662,325.165662,3646708,,,-1,-0.188,-0.061,,,5,1.529411765,0.352941176,,,0,,C17 H25 O6,17,25,6,0,0,,,,
553,325.184158,325.18429,325.18429,49011964,,,-1,0.403,0.131,,,4,1.666666667,0.166666667,,,0,,C18 H29 O3 S,18,29,3,1,0,,,,
554,325.997863,325.997611,325.997611,3030133,,1,-1,-0.772,-0.252,,,9,0.75,0.666666667,,,0,,C12 H8 N O8 S,12,8,8,1,1,,,,
555,326.070321,326.070382,326.070382,4034199,,1,-1,0.188,0.061,,,7,1.214285714,0.428571429,,,0,,C14 H16 N O6 S,14,16,6,1,1,,,,
556,326.087993,326.08814,326.08814,3894943,,0,-1,0.452,0.147,,,7,1.214285714,0.571428571,,,0,,C14 H16 N O8,14,16,8,0,1,,,,
557,326.135749,326.135759,326.135759,7093942,,0,-1,0.03,0.01,,,6,1.5,0.428571429,,,0,,C14 H20 N3 O6,14,20,6,0,3,,,,
558,326.172191,326.172144,326.172144,2833094,,0,-1,-0.143,-0.047,,,5,1.666666667,0.333333333,,,0,,C15 H24 N3 O5,15,24,5,0,3,,,,
559,327.059493,327.059758,327.059758,2679402,,0.5,-1,0.81,0.265,,,16,0.6,0.05,,,0,,C20 H11 N2 O S,20,11,1,1,2,,,,
560,327.071944,327.072156,327.072156,2906224,,,-1,0.646,0.211,,,7,1.142857143,0.642857143,,,0,,C14 H15 O9,14,15,9,0,0,,,,
561,327.108454,327.108541,327.108541,14909570,,,-1,0.265,0.087,,,6,1.333333333,0.533333333,,,0,,C15 H19 O8,15,19,8,0,0,,,,
562,327.119767,327.119775,327.119775,3725447,,0,-1,0.023,0.007,,,6,1.428571429,0.5,,,0,,C14 H19 N2 O7,14,19,7,0,2,,,,
563,327.144887,327.144927,327.144927,72278160,,,-1,0.122,0.04,,,5,1.5,0.4375,,,0,,C16 H23 O7,16,23,7,0,0,,,,
564,327.155992,327.15616,327.15616,3756184,,0,-1,0.514,0.168,,,5,1.6,0.4,,,0,,C15 H23 N2 O6,15,23,6,0,2,,,,
565,327.160153,327.160183,327.160183,3994778,,,-1,0.092,0.03,,,9,1.2,0.2,,,0,,C20 H23 O4,20,23,4,0,0,,,,
566,327.163559,327.163554,327.163554,5640348,,,-1,-0.014,-0.005,,,4,1.647058824,0.235294118,,,0,,C17 H27 O4 S,17,27,4,1,0,,,,
567,328.103849,328.10379,328.10379,2859107,,0,-1,-0.178,-0.058,,,6,1.357142857,0.571428571,,,0,,C14 H18 N O8,14,18,8,0,1,,,,
568,328.114965,328.115024,328.115024,4003432,,0,-1,0.179,0.059,,,6,1.461538462,0.538461538,,,0,,C13 H18 N3 O7,13,18,7,0,3,,,,
569,328.15129,328.151409,328.151409,19399290,,0,-1,0.364,0.119,,,5,1.642857143,0.428571429,,,0,,C14 H22 N3 O6,14,22,6,0,3,,,,
570,328.187722,328.187795,328.187795,2551436,,0,-1,0.222,0.073,,,4,1.8,0.333333333,,,0,,C15 H26 N3 O5,15,26,5,0,3,,,,
571,329.087731,329.087806,329.087806,4684873,,,-1,0.228,0.075,,,6,1.285714286,0.642857143,,,0,,C14 H17 O9,14,17,9,0,0,,,,
572,329.103101,329.103062,329.103062,3957840,,,-1,-0.12,-0.039,,,10,1,0.333333333,,,0,,C18 H17 O6,18,17,6,0,0,,,,
573,329.124092,329.124191,329.124191,26985562,,,-1,0.301,0.099,,,5,1.466666667,0.533333333,,,0,,C15 H21 O8,15,21,8,0,0,,,,
574,329.129462,329.129551,329.129551,2355294,,0,-1,0.271,0.089,,,14,0.857142857,0.095238095,,,0,,C21 H17 N2 O2,21,17,2,0,2,,,,
575,329.135436,329.135425,329.135425,6542433,,0,-1,-0.035,-0.011,,,5,1.571428571,0.5,,,0,,C14 H21 N2 O7,14,21,7,0,2,,,,
576,329.139478,329.139447,329.139447,15873122,,,-1,-0.092,-0.03,,,9,1.157894737,0.263157895,,,0,,C19 H21 O5,19,21,5,0,0,,,,
577,329.160538,329.160577,329.160577,3896429,,,-1,0.117,0.039,,,4,1.625,0.4375,,,0,,C16 H25 O7,16,25,7,0,0,,,,
578,329.171763,329.17181,329.17181,7912563,,0,-1,0.144,0.047,,,4,1.733333333,0.4,,,0,,C15 H25 N2 O6,15,25,6,0,2,,,,
579,329.175712,329.175833,329.175833,4226165,,,-1,0.366,0.12,,,8,1.3,0.2,,,0,,C20 H25 O4,20,25,4,0,0,,,,
580,330.065328,330.065297,330.065297,3788342,,1,-1,-0.094,-0.031,,,6,1.307692308,0.538461538,,,0,,C13 H16 N O7 S,13,16,7,1,1,,,,
581,330.086301,330.086426,330.086426,3973696,,1,-1,0.378,0.125,,,1,2.1,0.9,,,0,,C10 H20 N O9 S,10,20,9,1,1,,,,
582,330.098227,330.098311,330.098311,2636359,,0,-1,0.255,0.084,,,10,1,0.352941176,,,0,,C17 H16 N O6,17,16,6,0,1,,,,
583,330.109652,330.109544,330.109544,3642956,,0,-1,-0.326,-0.108,,,10,1.0625,0.3125,,,0,,C16 H16 N3 O5,16,16,5,0,3,,,,
584,330.119679,330.11944,330.11944,2925138,,0,-1,-0.724,-0.239,,,5,1.5,0.571428571,,,0,,C14 H20 N O8,14,20,8,0,1,,,,
585,330.130586,330.130674,330.130674,9885271,,0,-1,0.266,0.088,,,5,1.615384615,0.538461538,,,0,,C13 H20 N3 O7,13,20,7,0,3,,,,
586,330.134631,330.134696,330.134696,4834905,,0,-1,0.199,0.066,,,9,1.166666667,0.277777778,,,0,,C18 H20 N O5,18,20,5,0,1,,,,
587,330.167075,330.167059,330.167059,4635242,,0,-1,-0.047,-0.016,,,4,1.785714286,0.428571429,,,0,,C14 H24 N3 O6,14,24,6,0,3,,,,
588,330.228559,330.228597,330.228597,2552457,,0,-1,0.115,0.038,,,2,1.941176471,0.294117647,,,0,,C17 H32 N O5,17,32,5,0,1,,,,
589,331.082242,331.082326,331.082326,12666946,,,-1,0.255,0.084,,,10,0.941176471,0.411764706,,,0,,C17 H15 O7,17,15,7,0,0,,,,
590,331.093764,331.09356,331.09356,2444360,,0,-1,-0.617,-0.204,,,10,1,0.375,,,0,,C16 H15 N2 O6,16,15,6,0,2,,,,
591,331.112102,331.112187,331.112187,2381906,,0.5,-1,0.257,0.085,,,9,1.176470588,0.176470588,,,0,,C17 H19 N2 O3 S,17,19,3,1,2,,,,
592,331.114635,331.114689,331.114689,7671891,,0,-1,0.162,0.054,,,5,1.538461538,0.615384615,,,0,,C13 H19 N2 O8,13,19,8,0,2,,,,
593,331.118592,331.118712,331.118712,28362836,,,-1,0.361,0.12,,,9,1.111111111,0.333333333,,,0,,C18 H19 O6,18,19,6,0,0,,,,
594,331.129741,331.129945,331.129945,2731099,,0,-1,0.618,0.205,,,9,1.176470588,0.294117647,,,0,,C17 H19 N2 O5,17,19,5,0,2,,,,
595,331.139996,331.139841,331.139841,4112480,,,-1,-0.467,-0.155,,,4,1.6,0.533333333,,,0,,C15 H23 O8,15,23,8,0,0,,,,
596,331.151154,331.151075,331.151075,7356518,,0,-1,-0.239,-0.079,,,4,1.714285714,0.5,,,0,,C14 H23 N2 O7,14,23,7,0,2,,,,
597,331.15505,331.155097,331.155097,48736360,,,-1,0.143,0.047,,,8,1.263157895,0.263157895,,,0,,C19 H23 O5,19,23,5,0,0,,,,
598,331.166257,331.166331,331.166331,3605614,,0,-1,0.223,0.074,,,8,1.333333333,0.222222222,,,0,,C18 H23 N2 O4,18,23,4,0,2,,,,
599,332.077587,332.077575,332.077575,2351694,,0,-1,-0.035,-0.012,,,10,0.9375,0.4375,,,0,,C16 H14 N O7,16,14,7,0,1,,,,
600,332.125171,332.125194,332.125194,8620648,,0,-1,0.069,0.023,,,9,1.1875,0.3125,,,0,,C16 H18 N3 O5,16,18,5,0,3,,,,
601,333.061662,333.061591,333.061591,3098720,,,-1,-0.214,-0.071,,,10,0.875,0.5,,,0,,C16 H13 O8,16,13,8,0,0,,,,
602,333.098007,333.097976,333.097976,24317044,,,-1,-0.09,-0.03,,,9,1.058823529,0.411764706,,,0,,C17 H17 O7,17,17,7,0,0,,,,
603,333.109158,333.10921,333.10921,4252794,,0,-1,0.157,0.052,,,9,1.125,0.375,,,0,,C16 H17 N2 O6,16,17,6,0,2,,,,
604,333.11893,333.119106,333.119106,3127423,,,-1,0.526,0.175,,,4,1.571428571,0.642857143,,,0,,C14 H21 O9,14,21,9,0,0,,,,
605,333.134372,333.134362,333.134362,451619968,,,-1,-0.031,-0.01,,,8,1.222222222,0.333333333,,,0,,C18 H21 O6,18,21,6,0,0,,,,
606,333.14555,333.145595,333.145595,2352782,,0,-1,0.137,0.045,,,8,1.294117647,0.294117647,,,0,,C17 H21 N2 O5,17,21,5,0,2,,,,
607,333.170698,333.170747,333.170747,386215072,,,-1,0.15,0.05,,,7,1.368421053,0.263157895,,,0,,C19 H25 O5,19,25,5,0,0,,,,
608,333.20714,333.207133,333.207133,2324912,,,-1,-0.021,-0.007,,,6,1.5,0.2,,,0,,C20 H29 O4,20,29,4,0,0,,,,
609,334.056939,334.05684,334.05684,2916996,,0,-1,-0.297,-0.099,,,10,0.866666667,0.533333333,,,0,,C15 H12 N O8,15,12,8,0,1,,,,
610,334.093204,334.093225,334.093225,9211544,,0,-1,0.065,0.022,,,9,1.0625,0.4375,,,0,,C16 H16 N O7,16,16,7,0,1,,,,
611,335.077245,335.077241,335.077241,14885058,,,-1,-0.011,-0.004,,,9,1,0.5,,,0,,C16 H15 O8,16,15,8,0,0,,,,
612,335.080674,335.080612,335.080612,9382083,,,-1,-0.183,-0.061,,,4,1.538461538,0.615384615,,,0,,C13 H19 O8 S,13,19,8,1,0,,,,
613,335.088332,335.088474,335.088474,2570952,,0,-1,0.425,0.142,,,9,1.066666667,0.466666667,,,0,,C15 H15 N2 O7,15,15,7,0,2,,,,
614,335.113584,335.113627,335.113627,27070678,,,-1,0.128,0.043,,,8,1.176470588,0.411764706,,,0,,C17 H19 O7,17,19,7,0,0,,,,
615,335.124899,335.12486,335.12486,6637789,,0,-1,-0.116,-0.039,,,8,1.25,0.375,,,0,,C16 H19 N2 O6,16,19,6,0,2,,,,
616,335.149876,335.150012,335.150012,23064810,,,-1,0.407,0.136,,,7,1.333333333,0.333333333,,,0,,C18 H23 O6,18,23,6,0,0,,,,
617,335.161265,335.161245,335.161245,2416881,,0,-1,-0.058,-0.019,,,7,1.411764706,0.294117647,,,0,,C17 H23 N2 O5,17,23,5,0,2,,,,
618,335.176432,335.176502,335.176502,2955514,,0,-1,0.209,0.07,,,11,1.142857143,0.095238095,,,0,,C21 H23 N2 O2,21,23,2,0,2,,,,
619,335.186323,335.186398,335.186398,4673792,,,-1,0.223,0.075,,,6,1.473684211,0.263157895,,,0,,C19 H27 O5,19,27,5,0,0,,,,
620,335.197479,335.197631,335.197631,3188998,,0,-1,0.454,0.152,,,6,1.555555556,0.222222222,,,0,,C18 H27 N2 O4,18,27,4,0,2,,,,
621,336.065917,336.065965,336.065965,3495674,,0.333333333,-1,0.142,0.048,,,9,1.071428571,0.357142857,,,0,,C14 H14 N3 O5 S,14,14,5,1,3,,,,
622,336.072499,336.07249,336.07249,37335804,,0,-1,-0.026,-0.009,,,9,1,0.533333333,,,0,,C15 H14 N O8,15,14,8,0,1,,,,
623,336.103255,336.103002,336.103002,4048656,,0,-1,-0.751,-0.252,,,17,0.652173913,0.086956522,,,0,,C23 H14 N O2,23,14,2,0,1,,,,
624,336.120073,336.120109,336.120109,4717338,,0,-1,0.106,0.036,,,8,1.266666667,0.4,,,0,,C15 H18 N3 O6,15,18,6,0,3,,,,
625,336.138985,336.138736,336.138736,2355493,,0.333333333,-1,-0.739,-0.248,,,7,1.4375,0.1875,,,0,,C16 H22 N3 O3 S,16,22,3,1,3,,,,
626,336.145122,336.145261,336.145261,2349608,,0,-1,0.413,0.139,,,7,1.352941176,0.352941176,,,0,,C17 H22 N O6,17,22,6,0,1,,,,
627,337.059976,337.059877,337.059877,6026562,,,-1,-0.295,-0.1,,,4,1.5,0.75,,,0,,C12 H17 O9 S,12,17,9,1,0,,,,
628,337.08626,337.086366,337.086366,6147410,,0.5,-1,0.315,0.106,,,8,1.2,0.333333333,,,0,,C15 H17 N2 O5 S,15,17,5,1,2,,,,
629,337.092896,337.092891,337.092891,17536342,,,-1,-0.014,-0.005,,,8,1.125,0.5,,,0,,C16 H17 O8,16,17,8,0,0,,,,
630,337.104206,337.104124,337.104124,3003740,,0,-1,-0.241,-0.081,,,8,1.2,0.466666667,,,0,,C15 H17 N2 O7,15,17,7,0,2,,,,
631,337.12916,337.129277,337.129277,31692140,,,-1,0.347,0.117,,,7,1.294117647,0.411764706,,,0,,C17 H21 O7,17,21,7,0,0,,,,
632,337.132524,337.132648,337.132648,3280749,,,-1,0.367,0.124,,,2,1.857142857,0.5,,,0,,C14 H25 O7 S,14,25,7,1,0,,,,
633,337.165531,337.165662,337.165662,51459456,,,-1,0.39,0.132,,,6,1.444444444,0.333333333,,,0,,C18 H25 O6,18,25,6,0,0,,,,
634,337.205584,337.205419,337.205419,3454361,,,-1,-0.49,-0.165,,,0,2.125,0.3125,,,0,,C16 H33 O5 S,16,33,5,1,0,,,,
635,338.106788,338.106768,338.106768,5205943,,1,-1,-0.061,-0.021,,,7,1.3125,0.3125,,,0,,C16 H20 N O5 S,16,20,5,1,1,,,,
636,338.118818,338.118652,338.118652,5363646,,0,-1,-0.491,-0.166,,,16,0.739130435,0.086956522,,,0,,C23 H16 N O2,23,16,2,0,1,,,,
637,338.124333,338.124526,338.124526,2405314,,0,-1,0.569,0.192,,,7,1.3125,0.4375,,,0,,C16 H20 N O7,16,20,7,0,1,,,,
638,338.135747,338.135759,338.135759,3127240,,0,-1,0.037,0.012,,,7,1.4,0.4,,,0,,C15 H20 N3 O6,15,20,6,0,3,,,,
639,338.160641,338.160911,338.160911,2370520,,0,-1,0.797,0.27,,,6,1.470588235,0.352941176,,,0,,C17 H24 N O6,17,24,6,0,1,,,,
640,338.172009,338.172144,338.172144,6186975,,0,-1,0.4,0.135,,,6,1.5625,0.3125,,,0,,C16 H24 N3 O5,16,24,5,0,3,,,,
641,338.233553,338.233682,338.233682,3438596,,0,-1,0.383,0.13,,,4,1.736842105,0.210526316,,,0,,C19 H32 N O4,19,32,4,0,1,,,,
642,339.072162,339.072156,339.072156,4338184,,,-1,-0.02,-0.007,,,8,1.066666667,0.6,,,0,,C15 H15 O9,15,15,9,0,0,,,,
643,339.10199,339.102016,339.102016,14944794,,0.5,-1,0.077,0.026,,,7,1.333333333,0.333333333,,,0,,C15 H19 N2 O5 S,15,19,5,1,2,,,,
644,339.108553,339.108541,339.108541,31955486,,,-1,-0.035,-0.012,,,7,1.25,0.5,,,0,,C16 H19 O8,16,19,8,0,0,,,,
645,339.144857,339.144927,339.144927,8985141,,,-1,0.205,0.069,,,6,1.411764706,0.411764706,,,0,,C17 H23 O7,17,23,7,0,0,,,,
646,339.148283,339.148298,339.148298,4850231,,,-1,0.045,0.015,,,1,2,0.5,,,0,,C14 H27 O7 S,14,27,7,1,0,,,,
647,339.156106,339.15616,339.15616,2360892,,0,-1,0.16,0.054,,,6,1.5,0.375,,,0,,C16 H23 N2 O6,16,23,6,0,2,,,,
648,339.175587,339.175439,339.175439,2513992,,,-1,-0.435,-0.148,,,14,0.96,0.04,,,0,,C25 H23 O,25,23,1,0,0,,,,
649,339.199948,339.19994,339.19994,30784086,,,-1,-0.026,-0.009,,,4,1.684210526,0.157894737,,,0,,C19 H31 O3 S,19,31,3,1,0,,,,
650,340.086153,340.086032,340.086032,2655876,,1,-1,-0.355,-0.121,,,7,1.266666667,0.4,,,0,,C15 H18 N O6 S,15,18,6,1,1,,,,
651,340.114915,340.115024,340.115024,5653654,,0,-1,0.319,0.108,,,7,1.357142857,0.5,,,0,,C14 H18 N3 O7,14,18,7,0,3,,,,
652,340.118923,340.119046,340.119046,6354073,,0,-1,0.363,0.123,,,11,1,0.263157895,,,0,,C19 H18 N O5,19,18,5,0,1,,,,
653,340.1515,340.151409,340.151409,3572909,,0,-1,-0.269,-0.091,,,6,1.533333333,0.4,,,0,,C15 H22 N3 O6,15,22,6,0,3,,,,
654,340.187838,340.187795,340.187795,10874052,,0,-1,-0.129,-0.044,,,5,1.6875,0.3125,,,0,,C16 H26 N3 O5,16,26,5,0,3,,,,
655,341.087753,341.087806,341.087806,21626630,,,-1,0.156,0.053,,,7,1.2,0.6,,,0,,C15 H17 O9,15,17,9,0,0,,,,
656,341.098838,341.099039,341.099039,2607885,,0,-1,0.589,0.201,,,7,1.285714286,0.571428571,,,0,,C14 H17 N2 O8,14,17,8,0,2,,,,
657,341.103035,341.103062,341.103062,2535184,,,-1,0.079,0.027,,,11,0.947368421,0.315789474,,,0,,C19 H17 O6,19,17,6,0,0,,,,
658,341.124265,341.124191,341.124191,21094174,,,-1,-0.217,-0.074,,,6,1.375,0.5,,,0,,C16 H21 O8,16,21,8,0,0,,,,
659,341.135368,341.135425,341.135425,3293989,,0,-1,0.167,0.057,,,6,1.466666667,0.466666667,,,0,,C15 H21 N2 O7,15,21,7,0,2,,,,
660,341.139335,341.139447,341.139447,11697959,,,-1,0.331,0.113,,,10,1.1,0.25,,,0,,C20 H21 O5,20,21,5,0,0,,,,
661,341.160622,341.160577,341.160577,37355316,,,-1,-0.133,-0.045,,,5,1.529411765,0.411764706,,,0,,C17 H25 O7,17,25,7,0,0,,,,
662,341.172101,341.17181,341.17181,2576189,,0,-1,-0.853,-0.291,,,5,1.625,0.375,,,0,,C16 H25 N2 O6,16,25,6,0,2,,,,
663,341.179185,341.179204,341.179204,6106945,,,-1,0.056,0.019,,,4,1.666666667,0.222222222,,,0,,C18 H29 O4 S,18,29,4,1,0,,,,
664,342.101719,342.101682,342.101682,6685087,,1,-1,-0.109,-0.037,,,6,1.4,0.4,,,0,,C15 H20 N O6 S,15,20,6,1,1,,,,
665,342.130514,342.130674,342.130674,10224050,,0,-1,0.468,0.16,,,6,1.5,0.5,,,0,,C14 H20 N3 O7,14,20,7,0,3,,,,
666,342.167023,342.167059,342.167059,12104138,,0,-1,0.106,0.036,,,5,1.666666667,0.4,,,0,,C15 H24 N3 O6,15,24,6,0,3,,,,
667,343.10349,343.103456,343.103456,8662077,,,-1,-0.1,-0.034,,,6,1.333333333,0.6,,,0,,C15 H19 O9,15,19,9,0,0,,,,
668,343.114574,343.114689,343.114689,4697157,,0,-1,0.336,0.115,,,6,1.428571429,0.571428571,,,0,,C14 H19 N2 O8,14,19,8,0,2,,,,
669,343.118652,343.118712,343.118712,8096840,,,-1,0.175,0.06,,,10,1.052631579,0.315789474,,,0,,C19 H19 O6,19,19,6,0,0,,,,
670,343.13975,343.139841,343.139841,95208536,,,-1,0.267,0.092,,,5,1.5,0.5,,,0,,C16 H23 O8,16,23,8,0,0,,,,
671,343.15106,343.151075,343.151075,6022238,,0,-1,0.044,0.015,,,5,1.6,0.466666667,,,0,,C15 H23 N2 O7,15,23,7,0,2,,,,
672,343.15508,343.155097,343.155097,8885344,,,-1,0.051,0.017,,,9,1.2,0.25,,,0,,C20 H23 O5,20,23,5,0,0,,,,
673,343.187377,343.18746,343.18746,3739766,,0,-1,0.241,0.083,,,4,1.75,0.375,,,0,,C16 H27 N2 O6,16,27,6,0,2,,,,
674,344.117376,344.117332,344.117332,5057268,,1,-1,-0.128,-0.044,,,5,1.533333333,0.4,,,0,,C15 H22 N O6 S,15,22,6,1,1,,,,
675,344.146203,344.146324,344.146324,6493960,,0,-1,0.352,0.121,,,5,1.642857143,0.5,,,0,,C14 H22 N3 O7,14,22,7,0,3,,,,
676,344.171666,344.171476,344.171476,2556185,,0,-1,-0.552,-0.19,,,4,1.6875,0.4375,,,0,,C16 H26 N O7,16,26,7,0,1,,,,
677,344.182677,344.182709,344.182709,5754657,,0,-1,0.093,0.032,,,4,1.8,0.4,,,0,,C15 H26 N3 O6,15,26,6,0,3,,,,
678,344.244111,344.244247,344.244247,6448971,,0,-1,0.393,0.135,,,2,1.944444444,0.277777778,,,0,,C18 H34 N O5,18,34,5,0,1,,,,
679,345.097981,345.097976,345.097976,3008929,,,-1,-0.014,-0.005,,,10,1,0.388888889,,,0,,C18 H17 O7,18,17,7,0,0,,,,
680,345.118867,345.119106,345.119106,6314415,,,-1,0.693,0.239,,,5,1.466666667,0.6,,,0,,C15 H21 O9,15,21,9,0,0,,,,
681,345.130427,345.130339,345.130339,8759735,,0,-1,-0.255,-0.088,,,5,1.571428571,0.571428571,,,0,,C14 H21 N2 O8,14,21,8,0,2,,,,
682,345.134439,345.134362,345.134362,23939514,,,-1,-0.224,-0.077,,,9,1.157894737,0.315789474,,,0,,C19 H21 O6,19,21,6,0,0,,,,
683,345.155414,345.155491,345.155491,3803593,,,-1,0.223,0.077,,,4,1.625,0.5,,,0,,C16 H25 O8,16,25,8,0,0,,,,
684,345.166568,345.166725,345.166725,2652625,,0,-1,0.455,0.157,,,4,1.733333333,0.466666667,,,0,,C15 H25 N2 O7,15,25,7,0,2,,,,
685,345.170779,345.170747,345.170747,8210900,,,-1,-0.092,-0.032,,,8,1.3,0.25,,,0,,C20 H25 O5,20,25,5,0,0,,,,
686,346.125636,346.125588,346.125588,2594941,,0,-1,-0.138,-0.048,,,5,1.615384615,0.615384615,,,0,,C13 H20 N3 O8,13,20,8,0,3,,,,
687,346.129434,346.129611,346.129611,2461824,,0,-1,0.51,0.177,,,9,1.166666667,0.333333333,,,0,,C18 H20 N O6,18,20,6,0,1,,,,
688,346.162007,346.161974,346.161974,2840727,,0,-1,-0.097,-0.034,,,4,1.785714286,0.5,,,0,,C14 H24 N3 O7,14,24,7,0,3,,,,
689,347.044267,347.044227,347.044227,10051352,,,-1,-0.115,-0.04,,,6,1.230769231,0.692307692,,,0,,C13 H15 O9 S,13,15,9,1,0,,,,
690,347.077174,347.077241,347.077241,8255280,,,-1,0.194,0.067,,,10,0.941176471,0.470588235,,,0,,C17 H15 O8,17,15,8,0,0,,,,
691,347.113542,347.113627,347.113627,82136904,,,-1,0.242,0.084,,,9,1.111111111,0.388888889,,,0,,C18 H19 O7,18,19,7,0,0,,,,
692,347.134766,347.134756,347.134756,3577691,,,-1,-0.029,-0.01,,,4,1.6,0.6,,,0,,C15 H23 O9,15,23,9,0,0,,,,
693,347.150057,347.150012,347.150012,124702568,,,-1,-0.129,-0.045,,,8,1.263157895,0.315789474,,,0,,C19 H23 O6,19,23,6,0,0,,,,
694,347.161313,347.161245,347.161245,3313518,,0,-1,-0.195,-0.068,,,8,1.333333333,0.277777778,,,0,,C18 H23 N2 O5,18,23,5,0,2,,,,
695,347.186395,347.186398,347.186398,26881920,,,-1,0.009,0.003,,,7,1.4,0.25,,,0,,C20 H27 O5,20,27,5,0,0,,,,
696,348.103209,348.103002,348.103002,2738727,,0,-1,-0.594,-0.207,,,18,0.625,0.083333333,,,0,,C24 H14 N O2,24,14,2,0,1,,,,
697,348.109035,348.108876,348.108876,3150379,,0,-1,-0.458,-0.159,,,9,1.117647059,0.411764706,,,0,,C17 H18 N O7,17,18,7,0,1,,,,
698,348.112046,348.112247,348.112247,2780718,,1,-1,0.576,0.201,,,4,1.642857143,0.5,,,0,,C14 H22 N O7 S,14,22,7,1,1,,,,
699,348.12024,348.120109,348.120109,4015668,,0,-1,-0.378,-0.131,,,9,1.1875,0.375,,,0,,C16 H18 N3 O6,16,18,6,0,3,,,,
700,349.092957,349.092891,349.092891,101438736,,,-1,-0.19,-0.066,,,9,1.058823529,0.470588235,,,0,,C17 H17 O8,17,17,8,0,0,,,,
701,349.096345,349.096262,349.096262,27161874,,,-1,-0.236,-0.083,,,4,1.571428571,0.571428571,,,0,,C14 H21 O8 S,14,21,8,1,0,,,,
702,349.129222,349.129277,349.129277,367482144,,,-1,0.158,0.055,,,8,1.222222222,0.388888889,,,0,,C18 H21 O7,18,21,7,0,0,,,,
703,349.140579,349.14051,349.14051,11384116,,0,-1,-0.198,-0.069,,,8,1.294117647,0.352941176,,,0,,C17 H21 N2 O6,17,21,6,0,2,,,,
704,349.165573,349.165662,349.165662,87872840,,,-1,0.256,0.089,,,7,1.368421053,0.315789474,,,0,,C19 H25 O6,19,25,6,0,0,,,,
705,349.176792,349.176895,349.176895,3882320,,0,-1,0.298,0.104,,,7,1.444444444,0.277777778,,,0,,C18 H25 N2 O5,18,25,5,0,2,,,,
706,350.088182,350.08814,350.08814,3485706,,0,-1,-0.12,-0.042,,,9,1.0625,0.5,,,0,,C16 H16 N O8,16,16,8,0,1,,,,
707,350.093359,350.0935,350.0935,2579470,,0,-1,0.403,0.141,,,18,0.590909091,0.090909091,,,0,,C22 H12 N3 O2,22,12,2,0,3,,,,
708,350.124627,350.124526,350.124526,3046438,,0,-1,-0.291,-0.102,,,8,1.235294118,0.411764706,,,0,,C17 H20 N O7,17,20,7,0,1,,,,
709,351.072193,351.072156,351.072156,7711495,,,-1,-0.107,-0.037,,,9,1,0.5625,,,0,,C16 H15 O9,16,15,9,0,0,,,,
710,351.083489,351.083389,351.083389,2540304,,0,-1,-0.284,-0.1,,,9,1.066666667,0.533333333,,,0,,C15 H15 N2 O8,15,15,8,0,2,,,,
711,351.108447,351.108541,351.108541,105765664,,,-1,0.268,0.094,,,8,1.176470588,0.470588235,,,0,,C17 H19 O8,17,19,8,0,0,,,,
712,351.119763,351.119775,351.119775,5761836,,0,-1,0.033,0.012,,,8,1.25,0.4375,,,0,,C16 H19 N2 O7,16,19,7,0,2,,,,
713,351.126926,351.127169,351.127169,2692402,,,-1,0.692,0.243,,,7,1.333333333,0.277777778,,,0,,C18 H23 O5 S,18,23,5,1,0,,,,
714,351.144834,351.144927,351.144927,67787584,,,-1,0.264,0.093,,,7,1.333333333,0.388888889,,,0,,C18 H23 O7,18,23,7,0,0,,,,
715,351.181365,351.181312,351.181312,10285917,,,-1,-0.15,-0.053,,,6,1.473684211,0.315789474,,,0,,C19 H27 O6,19,27,6,0,0,,,,
716,351.184627,351.184683,351.184683,4270943,,,-1,0.16,0.056,,,1,2,0.375,,,0,,C16 H31 O6 S,16,31,6,1,0,,,,
717,352.06092,352.06088,352.06088,5008916,,0.333333333,-1,-0.115,-0.04,,,9,1.071428571,0.428571429,,,0,,C14 H14 N3 O6 S,14,14,6,1,3,,,,
718,352.103776,352.10379,352.10379,4649526,,0,-1,0.04,0.014,,,8,1.1875,0.5,,,0,,C16 H18 N O8,16,18,8,0,1,,,,
719,352.114715,352.115024,352.115024,2477631,,0,-1,0.877,0.309,,,8,1.266666667,0.466666667,,,0,,C15 H18 N3 O7,15,18,7,0,3,,,,
720,352.119189,352.119046,352.119046,3307074,,0,-1,-0.404,-0.142,,,12,0.95,0.25,,,0,,C20 H18 N O5,20,18,5,0,1,,,,
721,352.151383,352.151409,352.151409,2735196,,0,-1,0.074,0.026,,,7,1.4375,0.375,,,0,,C16 H22 N3 O6,16,22,6,0,3,,,,
722,353.087876,353.087806,353.087806,29196618,,,-1,-0.198,-0.07,,,8,1.125,0.5625,,,0,,C16 H17 O9,16,17,9,0,0,,,,
723,353.091259,353.091177,353.091177,12325198,,,-1,-0.233,-0.082,,,3,1.692307692,0.692307692,,,0,,C13 H21 O9 S,13,21,9,1,0,,,,
724,353.10225,353.10241,353.10241,2570583,,0.5,-1,0.454,0.16,,,3,1.833333333,0.666666667,,,0,,C12 H21 N2 O8 S,12,21,8,1,2,,,,
725,353.124118,353.124191,353.124191,35742056,,,-1,0.207,0.073,,,7,1.294117647,0.470588235,,,0,,C17 H21 O8,17,21,8,0,0,,,,
726,353.135317,353.135425,353.135425,2530673,,0,-1,0.306,0.108,,,7,1.375,0.4375,,,0,,C16 H21 N2 O7,16,21,7,0,2,,,,
727,353.150795,353.150681,353.150681,2709886,,0,-1,-0.324,-0.114,,,11,1.1,0.2,,,0,,C20 H21 N2 O4,20,21,4,0,2,,,,
728,353.160602,353.160577,353.160577,10666374,,,-1,-0.07,-0.025,,,6,1.444444444,0.388888889,,,0,,C18 H25 O7,18,25,7,0,0,,,,
729,353.163821,353.163948,353.163948,3168648,,,-1,0.36,0.127,,,1,2,0.466666667,,,0,,C15 H29 O7 S,15,29,7,1,0,,,,
730,353.197099,353.196962,353.196962,3218851,,,-1,-0.386,-0.136,,,5,1.578947368,0.315789474,,,0,,C19 H29 O6,19,29,6,0,0,,,,
731,353.200593,353.200334,353.200334,3204006,,,-1,-0.733,-0.259,,,0,2.125,0.375,,,0,,C16 H33 O6 S,16,33,6,1,0,,,,
732,354.083145,354.083055,354.083055,7695476,,0,-1,-0.256,-0.091,,,8,1.133333333,0.6,,,0,,C15 H16 N O9,15,16,9,0,1,,,,
733,354.113936,354.113567,354.113567,3109005,,0,-1,-1.041,-0.369,,,16,0.739130435,0.130434783,,,0,,C23 H16 N O3,23,16,3,0,1,,,,
734,354.119383,354.11944,354.11944,3542162,,0,-1,0.162,0.057,,,7,1.3125,0.5,,,0,,C16 H20 N O8,16,20,8,0,1,,,,
735,354.130612,354.130674,354.130674,8404123,,0,-1,0.173,0.061,,,7,1.4,0.466666667,,,0,,C15 H20 N3 O7,15,20,7,0,3,,,,
736,354.134897,354.134696,354.134696,3489951,,0,-1,-0.567,-0.201,,,11,1.05,0.25,,,0,,C20 H20 N O5,20,20,5,0,1,,,,
737,354.167046,354.167059,354.167059,4338873,,0,-1,0.037,0.013,,,6,1.5625,0.375,,,0,,C16 H24 N3 O6,16,24,6,0,3,,,,
738,354.203374,354.203445,354.203445,11326679,,0,-1,0.199,0.07,,,5,1.705882353,0.294117647,,,0,,C17 H28 N3 O5,17,28,5,0,3,,,,
739,355.096949,355.096931,355.096931,6563768,,0.5,-1,-0.05,-0.018,,,7,1.333333333,0.4,,,0,,C15 H19 N2 O6 S,15,19,6,1,2,,,,
740,355.103398,355.103456,355.103456,27420606,,,-1,0.164,0.058,,,7,1.25,0.5625,,,0,,C16 H19 O9,16,19,9,0,0,,,,
741,355.118613,355.118712,355.118712,2985930,,,-1,0.277,0.098,,,11,1,0.3,,,0,,C20 H19 O6,20,19,6,0,0,,,,
742,355.139938,355.139841,355.139841,7649244,,,-1,-0.272,-0.097,,,6,1.411764706,0.470588235,,,0,,C17 H23 O8,17,23,8,0,0,,,,
743,355.155024,355.155097,355.155097,3683304,,,-1,0.208,0.074,,,10,1.142857143,0.238095238,,,0,,C21 H23 O5,21,23,5,0,0,,,,
744,355.176066,355.176227,355.176227,4995066,,,-1,0.451,0.16,,,5,1.555555556,0.388888889,,,0,,C18 H27 O7,18,27,7,0,0,,,,
745,355.194944,355.194854,355.194854,3068937,,,-1,-0.254,-0.09,,,4,1.684210526,0.210526316,,,0,,C19 H31 O4 S,19,31,4,1,0,,,,
746,355.223948,355.223846,355.223846,2459681,,0,-1,-0.287,-0.102,,,4,1.777777778,0.277777778,,,0,,C18 H31 N2 O5,18,31,5,0,2,,,,
747,356.077597,356.077575,356.077575,2943211,,0,-1,-0.06,-0.022,,,12,0.833333333,0.388888889,,,0,,C18 H14 N O7,18,14,7,0,1,,,,
748,356.080864,356.080947,356.080947,5419758,,1,-1,0.232,0.083,,,7,1.266666667,0.466666667,,,0,,C15 H18 N O7 S,15,18,7,1,1,,,,
749,356.135087,356.13509,356.13509,3389211,,0,-1,0.009,0.003,,,6,1.4375,0.5,,,0,,C16 H22 N O8,16,22,8,0,1,,,,
750,356.1464,356.146324,356.146324,13794085,,0,-1,-0.215,-0.077,,,6,1.533333333,0.466666667,,,0,,C15 H22 N3 O7,15,22,7,0,3,,,,
751,356.1504,356.150346,356.150346,2694952,,0,-1,-0.15,-0.053,,,10,1.15,0.25,,,0,,C20 H22 N O5,20,22,5,0,1,,,,
752,356.182561,356.182709,356.182709,3527491,,0,-1,0.416,0.148,,,5,1.6875,0.375,,,0,,C16 H26 N3 O6,16,26,6,0,3,,,,
753,357.082616,357.08272,357.08272,2602556,,,-1,0.292,0.104,,,7,1.2,0.666666667,,,0,,C15 H17 O10,15,17,10,0,0,,,,
754,357.101231,357.101348,357.101348,7835213,,,-1,0.326,0.116,,,6,1.375,0.4375,,,0,,C16 H21 O7 S,16,21,7,1,0,,,,
755,357.119272,357.119106,357.119106,8031836,,,-1,-0.465,-0.166,,,6,1.375,0.5625,,,0,,C16 H21 O9,16,21,9,0,0,,,,
756,357.134295,357.134362,357.134362,40709736,,,-1,0.188,0.067,,,10,1.1,0.3,,,0,,C20 H21 O6,20,21,6,0,0,,,,
757,357.155432,357.155491,357.155491,15773306,,,-1,0.165,0.059,,,5,1.529411765,0.470588235,,,0,,C17 H25 O8,17,25,8,0,0,,,,
758,357.166828,357.166725,357.166725,6076036,,0,-1,-0.289,-0.103,,,5,1.625,0.4375,,,0,,C16 H25 N2 O7,16,25,7,0,2,,,,
759,357.170606,357.170747,357.170747,4024967,,,-1,0.395,0.141,,,9,1.238095238,0.238095238,,,0,,C21 H25 O5,21,25,5,0,0,,,,
760,358.096621,358.096597,358.096597,4007328,,1,-1,-0.067,-0.024,,,6,1.4,0.466666667,,,0,,C15 H20 N O7 S,15,20,7,1,1,,,,
761,358.125677,358.125588,358.125588,3298745,,0,-1,-0.248,-0.089,,,6,1.5,0.571428571,,,0,,C14 H20 N3 O8,14,20,8,0,3,,,,
762,358.129529,358.129611,358.129611,16859580,,0,-1,0.228,0.082,,,10,1.105263158,0.315789474,,,0,,C19 H20 N O6,19,20,6,0,1,,,,
763,358.14448,358.144867,358.144867,3143113,,0,-1,1.08,0.387,,,14,0.913043478,0.130434783,,,0,,C23 H20 N O3,23,20,3,0,1,,,,
764,358.150636,358.15074,358.15074,3851727,,0,-1,0.291,0.104,,,5,1.5625,0.5,,,0,,C16 H24 N O8,16,24,8,0,1,,,,
765,358.161944,358.161974,358.161974,9437656,,0,-1,0.082,0.029,,,5,1.666666667,0.466666667,,,0,,C15 H24 N3 O7,15,24,7,0,3,,,,
766,358.198372,358.198359,358.198359,5409272,,0,-1,-0.034,-0.012,,,4,1.8125,0.375,,,0,,C16 H28 N3 O6,16,28,6,0,3,,,,
767,358.213461,358.213615,358.213615,3055109,,0,-1,0.431,0.154,,,8,1.45,0.15,,,0,,C20 H28 N3 O3,20,28,3,0,3,,,,
768,359.098346,359.09837,359.09837,3686659,,,-1,0.069,0.025,,,6,1.333333333,0.666666667,,,0,,C15 H19 O10,15,19,10,0,0,,,,
769,359.109731,359.109604,359.109604,2649357,,0,-1,-0.354,-0.127,,,6,1.428571429,0.642857143,,,0,,C14 H19 N2 O9,14,19,9,0,2,,,,
770,359.113572,359.113627,359.113627,9315601,,,-1,0.151,0.054,,,10,1.052631579,0.368421053,,,0,,C19 H19 O7,19,19,7,0,0,,,,
771,359.149921,359.150012,359.150012,209286448,,,-1,0.253,0.091,,,9,1.2,0.3,,,0,,C20 H23 O6,20,23,6,0,0,,,,
772,359.182528,359.182375,359.182375,3816781,,0,-1,-0.426,-0.153,,,4,1.75,0.4375,,,0,,C16 H27 N2 O7,16,27,7,0,2,,,,
773,360.112241,360.112247,360.112247,6965371,,1,-1,0.017,0.006,,,5,1.533333333,0.466666667,,,0,,C15 H22 N O7 S,15,22,7,1,1,,,,
774,360.141144,360.141238,360.141238,8427668,,0,-1,0.261,0.094,,,5,1.642857143,0.571428571,,,0,,C14 H22 N3 O8,14,22,8,0,3,,,,
775,360.145049,360.145261,360.145261,2659480,,0,-1,0.59,0.212,,,9,1.210526316,0.315789474,,,0,,C19 H22 N O6,19,22,6,0,1,,,,
776,360.177733,360.177624,360.177624,2726581,,0,-1,-0.305,-0.11,,,4,1.8,0.466666667,,,0,,C15 H26 N3 O7,15,26,7,0,3,,,,
777,361.092776,361.092891,361.092891,9382878,,,-1,0.319,0.115,,,10,1,0.444444444,,,0,,C18 H17 O8,18,17,8,0,0,,,,
778,361.104026,361.104124,361.104124,2891752,,0,-1,0.273,0.099,,,10,1.058823529,0.411764706,,,0,,C17 H17 N2 O7,17,17,7,0,2,,,,
779,361.129294,361.129277,361.129277,104168448,,,-1,-0.049,-0.018,,,9,1.157894737,0.368421053,,,0,,C19 H21 O7,19,21,7,0,0,,,,
780,361.165679,361.165662,361.165662,230980640,,,-1,-0.046,-0.017,,,8,1.3,0.3,,,0,,C20 H25 O6,20,25,6,0,0,,,,
781,362.128089,362.127897,362.127897,2873211,,1,-1,-0.529,-0.192,,,4,1.666666667,0.466666667,,,0,,C15 H24 N O7 S,15,24,7,1,1,,,,
782,363.072147,363.072156,363.072156,2975439,,,-1,0.023,0.008,,,10,0.941176471,0.529411765,,,0,,C17 H15 O9,17,15,9,0,0,,,,
783,363.108433,363.108541,363.108541,20734704,,,-1,0.299,0.109,,,9,1.111111111,0.444444444,,,0,,C18 H19 O8,18,19,8,0,0,,,,
784,363.11963,363.119775,363.119775,3102458,,0,-1,0.399,0.145,,,9,1.176470588,0.411764706,,,0,,C17 H19 N2 O7,17,19,7,0,2,,,,
785,363.141028,363.140904,363.140904,16696077,,0,-1,-0.341,-0.124,,,4,1.714285714,0.642857143,,,0,,C14 H23 N2 O9,14,23,9,0,2,,,,
786,363.144981,363.144927,363.144927,163349264,,,-1,-0.15,-0.055,,,8,1.263157895,0.368421053,,,0,,C19 H23 O7,19,23,7,0,0,,,,
787,363.181204,363.181312,363.181312,10314545,,,-1,0.298,0.108,,,7,1.4,0.3,,,0,,C20 H27 O6,20,27,6,0,0,,,,
788,364.103809,364.10379,364.10379,4855418,,0,-1,-0.053,-0.019,,,9,1.117647059,0.470588235,,,0,,C17 H18 N O8,17,18,8,0,1,,,,
789,365.087874,365.087806,365.087806,14912001,,,-1,-0.188,-0.069,,,9,1.058823529,0.529411765,,,0,,C17 H17 O9,17,17,9,0,0,,,,
790,365.124096,365.124191,365.124191,62786084,,,-1,0.26,0.095,,,8,1.222222222,0.444444444,,,0,,C18 H21 O8,18,21,8,0,0,,,,
791,365.135405,365.135425,365.135425,6531629,,0,-1,0.054,0.02,,,8,1.294117647,0.411764706,,,0,,C17 H21 N2 O7,17,21,7,0,2,,,,
792,365.16052,365.160577,365.160577,52906564,,,-1,0.156,0.057,,,7,1.368421053,0.368421053,,,0,,C19 H25 O7,19,25,7,0,0,,,,
793,365.196907,365.196962,365.196962,5661286,,,-1,0.15,0.055,,,6,1.5,0.3,,,0,,C20 H29 O6,20,29,6,0,0,,,,
794,366.1194,366.11944,366.11944,3305916,,0,-1,0.109,0.04,,,8,1.235294118,0.470588235,,,0,,C17 H20 N O8,17,20,8,0,1,,,,
795,367.103382,367.103456,367.103456,46371156,,,-1,0.2,0.074,,,8,1.176470588,0.529411765,,,0,,C17 H19 O9,17,19,9,0,0,,,,
796,367.118749,367.118712,367.118712,2581857,,,-1,-0.102,-0.038,,,12,0.952380952,0.285714286,,,0,,C21 H19 O6,21,19,6,0,0,,,,
797,367.139731,367.139841,367.139841,26292596,,,-1,0.302,0.111,,,7,1.333333333,0.444444444,,,0,,C18 H23 O8,18,23,8,0,0,,,,
798,367.17627,367.176227,367.176227,15933846,,,-1,-0.119,-0.044,,,6,1.473684211,0.368421053,,,0,,C19 H27 O7,19,27,7,0,0,,,,
799,368.080928,368.080947,368.080947,6049001,,1,-1,0.052,0.019,,,8,1.1875,0.4375,,,0,,C16 H18 N O7 S,16,18,7,1,1,,,,
800,368.098633,368.098705,368.098705,3507450,,0,-1,0.196,0.072,,,8,1.1875,0.5625,,,0,,C16 H18 N O9,16,18,9,0,1,,,,
801,368.113982,368.113961,368.113961,4640008,,0,-1,-0.056,-0.021,,,12,0.95,0.3,,,0,,C20 H18 N O6,20,18,6,0,1,,,,
802,368.135075,368.13509,368.13509,3441948,,0,-1,0.042,0.015,,,7,1.352941176,0.470588235,,,0,,C17 H22 N O8,17,22,8,0,1,,,,
803,368.146335,368.146324,368.146324,4626727,,0,-1,-0.03,-0.011,,,7,1.4375,0.4375,,,0,,C16 H22 N3 O7,16,22,7,0,3,,,,
804,368.244344,368.244247,368.244247,4070787,,0,-1,-0.264,-0.097,,,4,1.75,0.25,,,0,,C20 H34 N O5,20,34,5,0,1,,,,
805,369.049548,369.049706,369.049706,2787454,,,-1,0.429,0.158,,,4,1.5,0.916666667,,,0,,C12 H17 O11 S,12,17,11,1,0,,,,
806,369.082685,369.08272,369.08272,7729309,,,-1,0.095,0.035,,,8,1.125,0.625,,,0,,C16 H17 O10,16,17,10,0,0,,,,
807,369.112628,369.112581,369.112581,3225786,,0.5,-1,-0.128,-0.047,,,7,1.375,0.375,,,0,,C16 H21 N2 O6 S,16,21,6,1,2,,,,
808,369.119182,369.119106,369.119106,24369344,,,-1,-0.206,-0.076,,,7,1.294117647,0.529411765,,,0,,C17 H21 O9,17,21,9,0,0,,,,
809,369.145487,369.145595,369.145595,4186329,,0,-1,0.293,0.108,,,11,1.1,0.25,,,0,,C20 H21 N2 O5,20,21,5,0,2,,,,
810,369.155426,369.155491,369.155491,7610594,,,-1,0.176,0.065,,,6,1.444444444,0.444444444,,,0,,C18 H25 O8,18,25,8,0,0,,,,
811,370.125531,370.125588,370.125588,2646143,,0,-1,0.154,0.057,,,7,1.4,0.533333333,,,0,,C15 H20 N3 O8,15,20,8,0,3,,,,
812,370.129454,370.129611,370.129611,3118211,,0,-1,0.423,0.157,,,11,1.05,0.3,,,0,,C20 H20 N O6,20,20,6,0,1,,,,
813,370.161956,370.161974,370.161974,14113954,,0,-1,0.047,0.017,,,6,1.5625,0.4375,,,0,,C16 H24 N3 O7,16,24,7,0,3,,,,
814,371.09842,371.09837,371.09837,14962724,,,-1,-0.134,-0.05,,,7,1.25,0.625,,,0,,C16 H19 O10,16,19,10,0,0,,,,
815,371.113636,371.113627,371.113627,4244531,,,-1,-0.027,-0.01,,,11,1,0.35,,,0,,C20 H19 O7,20,19,7,0,0,,,,
816,371.134617,371.134756,371.134756,10981447,,,-1,0.374,0.139,,,6,1.411764706,0.529411765,,,0,,C17 H23 O9,17,23,9,0,0,,,,
817,371.146074,371.145989,371.145989,2713682,,0,-1,-0.228,-0.085,,,6,1.5,0.5,,,0,,C16 H23 N2 O8,16,23,8,0,2,,,,
818,371.150016,371.150012,371.150012,4923478,,,-1,-0.009,-0.003,,,10,1.142857143,0.285714286,,,0,,C21 H23 O6,21,23,6,0,0,,,,
819,371.171167,371.171141,371.171141,9793642,,,-1,-0.069,-0.026,,,5,1.555555556,0.444444444,,,0,,C18 H27 O8,18,27,8,0,0,,,,
820,371.274069,371.273773,371.273773,3272909,,0.5,-1,-0.798,-0.296,,,2,2,0.1,,,0,,C20 H39 N2 O2 S,20,39,2,1,2,,,,
821,371.291616,371.291531,371.291531,7960798,,0,-1,-0.228,-0.085,,,2,2,0.2,,,0,,C20 H39 N2 O4,20,39,4,0,2,,,,
822,372.014278,372.014324,372.014324,2676631,,0.333333333,-1,0.123,0.046,,,9,0.916666667,0.75,,,0,,C12 H10 N3 O9 S,12,10,9,1,3,,,,
823,372.145324,372.145261,372.145261,4258838,,0,-1,-0.17,-0.063,,,10,1.15,0.3,,,0,,C20 H22 N O6,20,22,6,0,1,,,,
824,372.156386,372.156494,372.156494,3308577,,0,-1,0.292,0.109,,,10,1.210526316,0.263157895,,,0,,C19 H22 N3 O5,19,22,5,0,3,,,,
825,372.159942,372.159866,372.159866,3581988,,0.333333333,-1,-0.205,-0.076,,,5,1.6875,0.3125,,,0,,C16 H26 N3 O5 S,16,26,5,1,3,,,,
826,372.177511,372.177624,372.177624,10056757,,0,-1,0.302,0.113,,,5,1.6875,0.4375,,,0,,C16 H26 N3 O7,16,26,7,0,3,,,,
827,373.092686,373.092891,373.092891,4542381,,,-1,0.55,0.205,,,11,0.947368421,0.421052632,,,0,,C19 H17 O8,19,17,8,0,0,,,,
828,373.114067,373.11402,373.11402,5088194,,,-1,-0.124,-0.046,,,6,1.375,0.625,,,0,,C16 H21 O10,16,21,10,0,0,,,,
829,373.12931,373.129277,373.129277,36775888,,,-1,-0.09,-0.033,,,10,1.1,0.35,,,0,,C20 H21 O7,20,21,7,0,0,,,,
830,373.140385,373.14051,373.14051,3379164,,0,-1,0.335,0.125,,,10,1.157894737,0.315789474,,,0,,C19 H21 N2 O6,19,21,6,0,2,,,,
831,373.150219,373.150406,373.150406,6578149,,,-1,0.5,0.187,,,5,1.529411765,0.529411765,,,0,,C17 H25 O9,17,25,9,0,0,,,,
832,373.165654,373.165662,373.165662,46262260,,,-1,0.023,0.008,,,9,1.238095238,0.285714286,,,0,,C21 H25 O6,21,25,6,0,0,,,,
833,373.198113,373.198025,373.198025,3464212,,0,-1,-0.236,-0.088,,,4,1.764705882,0.411764706,,,0,,C17 H29 N2 O7,17,29,7,0,2,,,,
834,374.138818,374.13913,374.13913,3202985,,0.333333333,-1,0.833,0.312,,,5,1.666666667,0.4,,,0,,C15 H24 N3 O6 S,15,24,6,1,3,,,,
835,374.156824,374.156888,374.156888,5663675,,0,-1,0.172,0.064,,,5,1.666666667,0.533333333,,,0,,C15 H24 N3 O8,15,24,8,0,3,,,,
836,375.108628,375.108541,375.108541,17559392,,,-1,-0.231,-0.087,,,10,1.052631579,0.421052632,,,0,,C19 H19 O8,19,19,8,0,0,,,,
837,375.144838,375.144927,375.144927,1216065408,,,-1,0.238,0.089,,,9,1.2,0.35,,,0,,C20 H23 O7,20,23,7,0,0,,,,
838,375.153505,375.153658,375.153658,4185996,,0.5,-1,0.409,0.153,,,13,1.043478261,0.043478261,,,0,,C23 H23 N2 O S,23,23,1,1,2,,,,
839,375.181302,375.181312,375.181312,45592488,,,-1,0.026,0.01,,,8,1.333333333,0.285714286,,,0,,C21 H27 O6,21,27,6,0,0,,,,
840,376.115132,376.115024,376.115024,3843902,,0,-1,-0.288,-0.108,,,10,1.117647059,0.411764706,,,0,,C17 H18 N3 O7,17,18,7,0,3,,,,
841,376.176508,376.176561,376.176561,3050363,,0,-1,0.142,0.053,,,8,1.35,0.3,,,0,,C20 H26 N O6,20,26,6,0,1,,,,
842,377.087648,377.087806,377.087806,5074688,,,-1,0.419,0.158,,,10,1,0.5,,,0,,C18 H17 O9,18,17,9,0,0,,,,
843,377.10902,377.108935,377.108935,32986900,,,-1,-0.226,-0.085,,,5,1.466666667,0.733333333,,,0,,C15 H21 O11,15,21,11,0,0,,,,
844,377.124292,377.124191,377.124191,348632864,,,-1,-0.266,-0.1,,,9,1.157894737,0.421052632,,,0,,C19 H21 O8,19,21,8,0,0,,,,
845,377.160286,377.160577,377.160577,12634011648,,,-1,0.77,0.29,,,8,1.3,0.35,,,0,,C20 H25 O7,20,25,7,0,0,,,,
846,377.190509,377.190438,377.190438,2951013,,0.5,-1,-0.19,-0.072,,,7,1.5,0.15,,,0,,C20 H29 N2 O3 S,20,29,3,1,2,,,,
847,377.197034,377.196962,377.196962,4689772,,,-1,-0.191,-0.072,,,7,1.428571429,0.285714286,,,0,,C21 H29 O6,21,29,6,0,0,,,,
848,378.097549,378.097659,378.097659,6525673,,0.333333333,-1,0.293,0.111,,,5,1.615384615,0.615384615,,,0,,C13 H20 N3 O8 S,13,20,8,1,3,,,,
849,378.119265,378.11944,378.11944,2999039,,0,-1,0.463,0.175,,,9,1.166666667,0.444444444,,,0,,C18 H20 N O8,18,20,8,0,1,,,,
850,379.066825,379.06707,379.06707,5963438,,,-1,0.646,0.245,,,10,0.941176471,0.588235294,,,0,,C17 H15 O10,17,15,10,0,0,,,,
851,379.070264,379.070442,379.070442,8494769,,,-1,0.468,0.177,,,5,1.428571429,0.714285714,,,0,,C14 H19 O10 S,14,19,10,1,0,,,,
852,379.103535,379.103456,379.103456,18726610,,,-1,-0.209,-0.079,,,9,1.111111111,0.5,,,0,,C18 H19 O9,18,19,9,0,0,,,,
853,379.114812,379.114689,379.114689,3523294,,0,-1,-0.324,-0.123,,,9,1.176470588,0.470588235,,,0,,C17 H19 N2 O8,17,19,8,0,2,,,,
854,379.117958,379.11806,379.11806,2761441,,0.5,-1,0.269,0.102,,,4,1.714285714,0.571428571,,,0,,C14 H23 N2 O8 S,14,23,8,1,2,,,,
855,379.139722,379.139841,379.139841,70680312,,,-1,0.316,0.12,,,8,1.263157895,0.421052632,,,0,,C19 H23 O8,19,23,8,0,0,,,,
856,379.151121,379.151075,379.151075,3426050,,0,-1,-0.123,-0.047,,,8,1.333333333,0.388888889,,,0,,C18 H23 N2 O7,18,23,7,0,2,,,,
857,379.176261,379.176227,379.176227,315473696,,,-1,-0.09,-0.034,,,7,1.4,0.35,,,0,,C20 H27 O7,20,27,7,0,0,,,,
858,379.187106,379.18746,379.18746,3157798,,0,-1,0.935,0.355,,,7,1.473684211,0.315789474,,,0,,C19 H27 N2 O6,19,27,6,0,2,,,,
859,379.233895,379.233742,379.233742,3698517,,,-1,-0.405,-0.154,,,1,2,0.444444444,,,0,,C18 H35 O8,18,35,8,0,0,,,,
860,380.113961,380.113961,380.113961,5159620,,0,-1,0.001,0,,,13,0.904761905,0.285714286,,,0,,C21 H18 N O6,21,18,6,0,1,,,,
861,380.135062,380.13509,380.13509,2884313,,0,-1,0.074,0.028,,,8,1.277777778,0.444444444,,,0,,C18 H22 N O8,18,22,8,0,1,,,,
862,380.146535,380.146324,380.146324,3581668,,0,-1,-0.557,-0.212,,,8,1.352941176,0.411764706,,,0,,C17 H22 N3 O7,17,22,7,0,3,,,,
863,381.082607,381.08272,381.08272,15734414,,,-1,0.297,0.113,,,9,1.058823529,0.588235294,,,0,,C17 H17 O10,17,17,10,0,0,,,,
864,381.119188,381.119106,381.119106,27166386,,,-1,-0.217,-0.083,,,8,1.222222222,0.5,,,0,,C18 H21 O9,18,21,9,0,0,,,,
865,381.155355,381.155491,381.155491,51480280,,,-1,0.357,0.136,,,7,1.368421053,0.421052632,,,0,,C19 H25 O8,19,25,8,0,0,,,,
866,381.192022,381.191877,381.191877,4669180,,,-1,-0.381,-0.145,,,6,1.5,0.35,,,0,,C20 H29 O7,20,29,7,0,0,,,,
867,383.098546,383.09837,383.09837,12619384,,,-1,-0.459,-0.176,,,8,1.176470588,0.588235294,,,0,,C17 H19 O10,17,19,10,0,0,,,,
868,383.134444,383.134756,383.134756,15166108,,,-1,0.814,0.312,,,7,1.333333333,0.5,,,0,,C18 H23 O9,18,23,9,0,0,,,,
869,383.171283,383.171141,383.171141,4460225,,,-1,-0.369,-0.141,,,6,1.473684211,0.421052632,,,0,,C19 H27 O8,19,27,8,0,0,,,,
870,384.14125,384.141238,384.141238,3483283,,0,-1,-0.031,-0.012,,,7,1.4375,0.5,,,0,,C16 H22 N3 O8,16,22,8,0,3,,,,
871,384.17767,384.177624,384.177624,4584120,,0,-1,-0.121,-0.046,,,6,1.588235294,0.411764706,,,0,,C17 H26 N3 O7,17,26,7,0,3,,,,
872,385.114081,385.11402,385.11402,16529001,,,-1,-0.157,-0.061,,,7,1.294117647,0.588235294,,,0,,C17 H21 O10,17,21,10,0,0,,,,
873,385.129229,385.129277,385.129277,13325944,,,-1,0.123,0.047,,,11,1.047619048,0.333333333,,,0,,C21 H21 O7,21,21,7,0,0,,,,
874,385.15026,385.150406,385.150406,10086029,,,-1,0.38,0.146,,,6,1.444444444,0.5,,,0,,C18 H25 O9,18,25,9,0,0,,,,
875,385.161244,385.161639,385.161639,3078296,,0,-1,1.026,0.395,,,6,1.529411765,0.470588235,,,0,,C17 H25 N2 O8,17,25,8,0,2,,,,
876,385.186774,385.186791,385.186791,5889714,,,-1,0.046,0.018,,,5,1.578947368,0.421052632,,,0,,C19 H29 O8,19,29,8,0,0,,,,
877,385.238281,385.238433,385.238433,2793190,,,-1,0.394,0.152,,,8,1.416666667,0.166666667,,,0,,C24 H33 O4,24,33,4,0,0,,,,
878,386.12455,386.124526,386.124526,3398246,,0,-1,-0.065,-0.025,,,11,1.05,0.35,,,0,,C20 H20 N O7,20,20,7,0,1,,,,
879,386.156813,386.156888,386.156888,5055111,,0,-1,0.195,0.075,,,6,1.5625,0.5,,,0,,C16 H24 N3 O8,16,24,8,0,3,,,,
880,386.193371,386.193274,386.193274,5941932,,0,-1,-0.252,-0.097,,,5,1.705882353,0.411764706,,,0,,C17 H28 N3 O7,17,28,7,0,3,,,,
881,387.108524,387.108541,387.108541,8433225,,,-1,0.045,0.018,,,11,1,0.4,,,0,,C20 H19 O8,20,19,8,0,0,,,,
882,387.12961,387.129671,387.129671,10882655,,,-1,0.155,0.06,,,6,1.411764706,0.588235294,,,0,,C17 H23 O10,17,23,10,0,0,,,,
883,387.140853,387.140904,387.140904,3151466,,0,-1,0.131,0.051,,,6,1.5,0.5625,,,0,,C16 H23 N2 O9,16,23,9,0,2,,,,
884,387.144992,387.144927,387.144927,23953006,,,-1,-0.168,-0.065,,,10,1.142857143,0.333333333,,,0,,C21 H23 O7,21,23,7,0,0,,,,
885,388.136262,388.136153,388.136153,4296282,,0,-1,-0.281,-0.109,,,6,1.533333333,0.6,,,0,,C15 H22 N3 O9,15,22,9,0,3,,,,
886,388.151093,388.151409,388.151409,3191401,,0,-1,0.813,0.316,,,10,1.210526316,0.315789474,,,0,,C19 H22 N3 O6,19,22,6,0,3,,,,
887,388.154713,388.15478,388.15478,3848812,,0.333333333,-1,0.173,0.067,,,5,1.6875,0.375,,,0,,C16 H26 N3 O6 S,16,26,6,1,3,,,,
888,388.172519,388.172538,388.172538,11027070,,0,-1,0.051,0.02,,,5,1.6875,0.5,,,0,,C16 H26 N3 O8,16,26,8,0,3,,,,
889,389.087864,389.087806,389.087806,3030557,,,-1,-0.151,-0.059,,,11,0.947368421,0.473684211,,,0,,C19 H17 O9,19,17,9,0,0,,,,
890,389.124083,389.124191,389.124191,63497792,,,-1,0.278,0.108,,,10,1.1,0.4,,,0,,C20 H21 O8,20,21,8,0,0,,,,
891,389.142462,389.142819,389.142819,6205012,,,-1,0.917,0.357,,,9,1.238095238,0.238095238,,,0,,C21 H25 O5 S,21,25,5,1,0,,,,
892,389.160642,389.160577,389.160577,196077152,,,-1,-0.168,-0.065,,,9,1.238095238,0.333333333,,,0,,C21 H25 O7,21,25,7,0,0,,,,
893,389.196934,389.196962,389.196962,4072075,,,-1,0.071,0.028,,,8,1.363636364,0.272727273,,,0,,C22 H29 O6,22,29,6,0,0,,,,
894,390.086341,390.086426,390.086426,3645967,,1,-1,0.219,0.085,,,6,1.4,0.6,,,0,,C15 H20 N O9 S,15,20,9,1,1,,,,
895,390.119447,390.11944,390.11944,4272689,,0,-1,-0.019,-0.007,,,10,1.105263158,0.421052632,,,0,,C19 H20 N O8,19,20,8,0,1,,,,
896,390.130871,390.130674,390.130674,4491837,,0,-1,-0.507,-0.198,,,10,1.166666667,0.388888889,,,0,,C18 H20 N3 O7,18,20,7,0,3,,,,
897,390.150261,390.149952,390.149952,16386640,,0,-1,-0.79,-0.308,,,18,0.777777778,0.074074074,,,0,,C27 H20 N O2,27,20,2,0,1,,,,
898,391.103385,391.103456,391.103456,16412180,,,-1,0.182,0.071,,,10,1.052631579,0.473684211,,,0,,C19 H19 O9,19,19,9,0,0,,,,
899,391.121948,391.122083,391.122083,3449383,,,-1,0.346,0.135,,,9,1.2,0.3,,,0,,C20 H23 O6 S,20,23,6,1,0,,,,
900,391.139893,391.139841,391.139841,417066560,,,-1,-0.132,-0.052,,,9,1.2,0.4,,,0,,C20 H23 O8,20,23,8,0,0,,,,
901,391.176119,391.176227,391.176227,804777536,,,-1,0.277,0.108,,,8,1.333333333,0.333333333,,,0,,C21 H27 O7,21,27,7,0,0,,,,
902,392.113367,392.113309,392.113309,5128722,,0.333333333,-1,-0.148,-0.058,,,5,1.642857143,0.571428571,,,0,,C14 H22 N3 O8 S,14,22,8,1,3,,,,
903,392.135113,392.13509,392.13509,3630120,,0,-1,-0.058,-0.023,,,9,1.210526316,0.421052632,,,0,,C19 H22 N O8,19,22,8,0,1,,,,
904,392.165319,392.165603,392.165603,3036742,,0,-1,0.722,0.283,,,17,0.851851852,0.074074074,,,0,,C27 H22 N O2,27,22,2,0,1,,,,
905,393.082596,393.08272,393.08272,8418789,,,-1,0.315,0.124,,,10,1,0.555555556,,,0,,C18 H17 O10,18,17,10,0,0,,,,
906,393.119142,393.119106,393.119106,84112904,,,-1,-0.092,-0.036,,,9,1.157894737,0.473684211,,,0,,C19 H21 O9,19,21,9,0,0,,,,
907,393.133687,393.133711,393.133711,3243544,,0.5,-1,0.06,0.024,,,4,1.733333333,0.533333333,,,0,,C15 H25 N2 O8 S,15,25,8,1,2,,,,
908,393.155376,393.155491,393.155491,1652815360,,,-1,0.293,0.115,,,8,1.3,0.4,,,0,,C20 H25 O8,20,25,8,0,0,,,,
909,393.191975,393.191877,393.191877,27063890,,,-1,-0.249,-0.098,,,7,1.428571429,0.333333333,,,0,,C21 H29 O7,21,29,7,0,0,,,,
910,394.114232,394.114355,394.114355,3927541,,0,-1,0.31,0.122,,,9,1.166666667,0.5,,,0,,C18 H20 N O9,18,20,9,0,1,,,,
911,394.125476,394.125588,394.125588,3648001,,0,-1,0.284,0.112,,,9,1.235294118,0.470588235,,,0,,C17 H20 N3 O8,17,20,8,0,3,,,,
912,394.153968,394.154112,394.154112,6670877,,1,-1,0.363,0.143,,,3,1.8125,0.5,,,0,,C16 H28 N O8 S,16,28,8,1,1,,,,
913,394.198358,394.198359,394.198359,2899530,,0,-1,0.002,0.001,,,7,1.526315789,0.315789474,,,0,,C19 H28 N3 O6,19,28,6,0,3,,,,
914,395.098394,395.09837,395.09837,12135892,,,-1,-0.06,-0.024,,,9,1.111111111,0.555555556,,,0,,C18 H19 O10,18,19,10,0,0,,,,
915,395.109321,395.109604,395.109604,5514719,,0,-1,0.716,0.283,,,9,1.176470588,0.529411765,,,0,,C17 H19 N2 O9,17,19,9,0,2,,,,
916,395.134702,395.134756,395.134756,284556800,,,-1,0.137,0.054,,,8,1.263157895,0.473684211,,,0,,C19 H23 O9,19,23,9,0,0,,,,
917,395.149211,395.149361,395.149361,5682696,,0.5,-1,0.379,0.15,,,3,1.866666667,0.533333333,,,0,,C15 H27 N2 O8 S,15,27,8,1,2,,,,
918,395.171166,395.171141,395.171141,339607072,,,-1,-0.061,-0.024,,,7,1.4,0.4,,,0,,C20 H27 O8,20,27,8,0,0,,,,
919,396.108268,396.108224,396.108224,7295435,,0.333333333,-1,-0.11,-0.044,,,4,1.769230769,0.692307692,,,0,,C13 H22 N3 O9 S,13,22,9,1,3,,,,
920,396.13001,396.130005,396.130005,6623713,,0,-1,-0.012,-0.005,,,8,1.277777778,0.5,,,0,,C18 H22 N O9,18,22,9,0,1,,,,
921,397.077647,397.077635,397.077635,8738199,,,-1,-0.031,-0.012,,,9,1.058823529,0.647058824,,,0,,C17 H17 O11,17,17,11,0,0,,,,
922,397.113895,397.11402,397.11402,84346296,,,-1,0.316,0.126,,,8,1.222222222,0.555555556,,,0,,C18 H21 O10,18,21,10,0,0,,,,
923,397.140188,397.14051,397.14051,5367254,,0,-1,0.812,0.322,,,12,1.047619048,0.285714286,,,0,,C21 H21 N2 O6,21,21,6,0,2,,,,
924,397.150508,397.150406,397.150406,34883040,,,-1,-0.256,-0.102,,,7,1.368421053,0.473684211,,,0,,C19 H25 O9,19,25,9,0,0,,,,
925,397.186688,397.186791,397.186791,22193668,,,-1,0.26,0.103,,,6,1.5,0.4,,,0,,C20 H29 O8,20,29,8,0,0,,,,
926,398.124572,398.124526,398.124526,10815918,,0,-1,-0.117,-0.047,,,12,1,0.333333333,,,0,,C21 H20 N O7,21,20,7,0,1,,,,
927,398.156671,398.156888,398.156888,6408654,,0,-1,0.545,0.217,,,7,1.470588235,0.470588235,,,0,,C17 H24 N3 O8,17,24,8,0,3,,,,
928,398.193291,398.193274,398.193274,5628403,,0,-1,-0.043,-0.017,,,6,1.611111111,0.388888889,,,0,,C18 H28 N3 O7,18,28,7,0,3,,,,
929,399.086927,399.08676,399.08676,3033454,,0.5,-1,-0.419,-0.167,,,8,1.25,0.5,,,0,,C16 H19 N2 O8 S,16,19,8,1,2,,,,
930,399.093328,399.093285,399.093285,7089524,,,-1,-0.109,-0.043,,,8,1.176470588,0.647058824,,,0,,C17 H19 O11,17,19,11,0,0,,,,
931,399.12963,399.129671,399.129671,10010008,,,-1,0.102,0.041,,,7,1.333333333,0.555555556,,,0,,C18 H23 O10,18,23,10,0,0,,,,
932,399.145009,399.144927,399.144927,6127015,,,-1,-0.205,-0.082,,,11,1.090909091,0.318181818,,,0,,C22 H23 O7,22,23,7,0,0,,,,
933,399.156346,399.15616,399.15616,10372531,,0,-1,-0.466,-0.186,,,11,1.142857143,0.285714286,,,0,,C21 H23 N2 O6,21,23,6,0,2,,,,
934,399.166114,399.166056,399.166056,10284476,,,-1,-0.145,-0.058,,,6,1.473684211,0.473684211,,,0,,C19 H27 O9,19,27,9,0,0,,,,
935,399.202387,399.202442,399.202442,3083745,,,-1,0.136,0.054,,,5,1.6,0.4,,,0,,C20 H31 O8,20,31,8,0,0,,,,
936,399.217348,399.217698,399.217698,2929135,,,-1,0.877,0.35,,,9,1.333333333,0.208333333,,,0,,C24 H31 O5,24,31,5,0,0,,,,
937,400.136331,400.136153,400.136153,4272512,,0,-1,-0.444,-0.178,,,7,1.4375,0.5625,,,0,,C16 H22 N3 O9,16,22,9,0,3,,,,
938,400.140292,400.140176,400.140176,8505732,,0,-1,-0.292,-0.117,,,11,1.095238095,0.333333333,,,0,,C21 H22 N O7,21,22,7,0,1,,,,
939,400.172431,400.172538,400.172538,6232484,,0,-1,0.268,0.107,,,6,1.588235294,0.470588235,,,0,,C17 H26 N3 O8,17,26,8,0,3,,,,
940,400.208857,400.208924,400.208924,3824072,,0,-1,0.166,0.066,,,5,1.722222222,0.388888889,,,0,,C18 H30 N3 O7,18,30,7,0,3,,,,
941,401.108921,401.108935,401.108935,13497667,,,-1,0.035,0.014,,,7,1.294117647,0.647058824,,,0,,C17 H21 O11,17,21,11,0,0,,,,
942,401.120127,401.120168,401.120168,3468622,,0,-1,0.102,0.041,,,7,1.375,0.625,,,0,,C16 H21 N2 O10,16,21,10,0,2,,,,
943,401.124309,401.124191,401.124191,11806034,,,-1,-0.294,-0.118,,,11,1.047619048,0.380952381,,,0,,C21 H21 O8,21,21,8,0,0,,,,
944,401.145406,401.145321,401.145321,13202791,,,-1,-0.213,-0.086,,,6,1.444444444,0.555555556,,,0,,C18 H25 O10,18,25,10,0,0,,,,
945,401.160505,401.160577,401.160577,48338296,,,-1,0.179,0.072,,,10,1.181818182,0.318181818,,,0,,C22 H25 O7,22,25,7,0,0,,,,
946,401.265758,401.26571,401.26571,5422558,,0,-1,-0.118,-0.047,,,3,1.9,0.3,,,0,,C20 H37 N2 O6,20,37,6,0,2,,,,
947,402.151736,402.151803,402.151803,7381320,,0,-1,0.167,0.067,,,6,1.5625,0.5625,,,0,,C16 H24 N3 O9,16,24,9,0,3,,,,
948,402.155833,402.155826,402.155826,5624140,,0,-1,-0.017,-0.007,,,10,1.19047619,0.333333333,,,0,,C21 H24 N O7,21,24,7,0,1,,,,
949,402.188241,402.188188,402.188188,7948652,,0,-1,-0.131,-0.053,,,5,1.705882353,0.470588235,,,0,,C17 H28 N3 O8,17,28,8,0,3,,,,
950,403.103364,403.103456,403.103456,11099374,,,-1,0.227,0.092,,,11,1,0.45,,,0,,C20 H19 O9,20,19,9,0,0,,,,
951,403.124826,403.124585,403.124585,4265219,,,-1,-0.598,-0.241,,,6,1.411764706,0.647058824,,,0,,C17 H23 O11,17,23,11,0,0,,,,
952,403.130052,403.129945,403.129945,10636552,,0,-1,-0.266,-0.107,,,15,0.869565217,0.217391304,,,0,,C23 H19 N2 O5,23,19,5,0,2,,,,
953,403.139912,403.139841,403.139841,988028160,,,-1,-0.174,-0.07,,,10,1.142857143,0.380952381,,,0,,C21 H23 O8,21,23,8,0,0,,,,
954,403.176108,403.176227,403.176227,20290870,,,-1,0.294,0.118,,,9,1.272727273,0.318181818,,,0,,C22 H27 O7,22,27,7,0,0,,,,
955,404.098572,404.098705,404.098705,9482427,,0,-1,0.328,0.132,,,11,1,0.473684211,,,0,,C19 H18 N O9,19,18,9,0,1,,,,
956,404.119892,404.119834,404.119834,3006671,,0,-1,-0.144,-0.058,,,6,1.4375,0.6875,,,0,,C16 H22 N O11,16,22,11,0,1,,,,
957,404.135358,404.13509,404.13509,7209183,,0,-1,-0.663,-0.268,,,10,1.15,0.4,,,0,,C20 H22 N O8,20,22,8,0,1,,,,
958,404.167468,404.167453,404.167453,3515646,,0,-1,-0.038,-0.015,,,5,1.6875,0.5625,,,0,,C16 H26 N3 O9,16,26,9,0,3,,,,
959,404.182559,404.182709,404.182709,5208333,,0,-1,0.372,0.15,,,9,1.35,0.3,,,0,,C20 H26 N3 O6,20,26,6,0,3,,,,
960,404.265449,404.265376,404.265376,4051293,,0,-1,-0.179,-0.073,,,2,1.95,0.35,,,0,,C20 H38 N O7,20,38,7,0,1,,,,
961,405.083015,405.08272,405.08272,3251320,,,-1,-0.727,-0.294,,,11,0.947368421,0.526315789,,,0,,C19 H17 O10,19,17,10,0,0,,,,
962,405.086223,405.086092,405.086092,8406139,,,-1,-0.325,-0.132,,,6,1.375,0.625,,,0,,C16 H21 O10 S,16,21,10,1,0,,,,
963,405.118981,405.119106,405.119106,191636640,,,-1,0.307,0.124,,,10,1.1,0.45,,,0,,C20 H21 O9,20,21,9,0,0,,,,
964,405.137337,405.137733,405.137733,6372525,,,-1,0.978,0.396,,,9,1.238095238,0.285714286,,,0,,C21 H25 O6 S,21,25,6,1,0,,,,
965,405.140618,405.140235,405.140235,3482800,,,-1,-0.945,-0.383,,,5,1.529411765,0.647058824,,,0,,C17 H25 O11,17,25,11,0,0,,,,
966,405.155537,405.155491,405.155491,463480000,,,-1,-0.112,-0.045,,,9,1.238095238,0.380952381,,,0,,C21 H25 O8,21,25,8,0,0,,,,
967,405.170053,405.170096,405.170096,3600589,,0.5,-1,0.106,0.043,,,4,1.764705882,0.411764706,,,0,,C17 H29 N2 O7 S,17,29,7,1,2,,,,
968,405.191821,405.191877,405.191877,47949024,,,-1,0.138,0.056,,,8,1.363636364,0.318181818,,,0,,C22 H29 O7,22,29,7,0,0,,,,
969,406.077821,406.077969,406.077969,3163194,,0,-1,0.365,0.148,,,11,0.944444444,0.555555556,,,0,,C18 H16 N O10,18,16,10,0,1,,,,
970,406.114544,406.114355,406.114355,3936350,,0,-1,-0.466,-0.189,,,10,1.105263158,0.473684211,,,0,,C19 H20 N O9,19,20,9,0,1,,,,
971,406.128986,406.128959,406.128959,4076652,,0.333333333,-1,-0.065,-0.026,,,5,1.666666667,0.533333333,,,0,,C15 H24 N3 O8 S,15,24,8,1,3,,,,
972,406.135468,406.135484,406.135484,3689586,,0,-1,0.04,0.016,,,5,1.5625,0.6875,,,0,,C16 H24 N O11,16,24,11,0,1,,,,
973,407.076592,407.07659,407.07659,4936699,,0.5,-1,-0.005,-0.002,,,6,1.428571429,0.714285714,,,0,,C14 H19 N2 O10 S,14,19,10,1,2,,,,
974,407.098311,407.09837,407.09837,19631120,,,-1,0.146,0.06,,,10,1.052631579,0.526315789,,,0,,C19 H19 O10,19,19,10,0,0,,,,
975,407.134822,407.134756,407.134756,290335808,,,-1,-0.163,-0.066,,,9,1.2,0.45,,,0,,C20 H23 O9,20,23,9,0,0,,,,
976,407.139915,407.140116,407.140116,4152376,,0,-1,0.493,0.201,,,18,0.769230769,0.115384615,,,0,,C26 H19 N2 O3,26,19,3,0,2,,,,
977,407.146043,407.145989,407.145989,5016638,,0,-1,-0.131,-0.053,,,9,1.263157895,0.421052632,,,0,,C19 H23 N2 O8,19,23,8,0,2,,,,
978,407.171104,407.171141,407.171141,553397312,,,-1,0.092,0.037,,,8,1.333333333,0.380952381,,,0,,C21 H27 O8,21,27,8,0,0,,,,
979,407.181936,407.182375,407.182375,4371552,,0,-1,1.078,0.439,,,8,1.4,0.35,,,0,,C20 H27 N2 O7,20,27,7,0,2,,,,
980,407.207562,407.207527,407.207527,12205177,,,-1,-0.087,-0.035,,,7,1.454545455,0.318181818,,,0,,C22 H31 O7,22,31,7,0,0,,,,
981,408.130026,408.130005,408.130005,3772394,,0,-1,-0.051,-0.021,,,9,1.210526316,0.473684211,,,0,,C19 H22 N O9,19,22,9,0,1,,,,
982,408.140981,408.141238,408.141238,6492149,,0,-1,0.631,0.257,,,9,1.277777778,0.444444444,,,0,,C18 H22 N3 O8,18,22,8,0,3,,,,
983,408.156516,408.156494,408.156494,4145155,,0,-1,-0.053,-0.022,,,13,1.045454545,0.227272727,,,0,,C22 H22 N3 O5,22,22,5,0,3,,,,
984,409.07114,409.07111,409.07111,4676456,,0.5,-1,-0.072,-0.03,,,10,1.058823529,0.470588235,,,0,,C17 H17 N2 O8 S,17,17,8,1,2,,,,
985,409.077828,409.077635,409.077635,4922222,,,-1,-0.471,-0.193,,,10,1,0.611111111,,,0,,C18 H17 O11,18,17,11,0,0,,,,
986,409.113927,409.11402,409.11402,43594640,,,-1,0.228,0.093,,,9,1.157894737,0.526315789,,,0,,C19 H21 O10,19,21,10,0,0,,,,
987,409.125165,409.125254,409.125254,5968795,,0,-1,0.216,0.089,,,9,1.222222222,0.5,,,0,,C18 H21 N2 O9,18,21,9,0,2,,,,
988,409.128803,409.128625,409.128625,3951519,,0.5,-1,-0.434,-0.177,,,4,1.733333333,0.6,,,0,,C15 H25 N2 O9 S,15,25,9,1,2,,,,
989,409.150446,409.150406,409.150406,779367360,,,-1,-0.097,-0.04,,,8,1.3,0.45,,,0,,C20 H25 O9,20,25,9,0,0,,,,
990,409.155577,409.155766,409.155766,11531192,,0,-1,0.461,0.189,,,17,0.846153846,0.115384615,,,0,,C26 H21 N2 O3,26,21,3,0,2,,,,
991,409.165173,409.165011,409.165011,3390401,,0.5,-1,-0.396,-0.162,,,3,1.875,0.5,,,0,,C16 H29 N2 O8 S,16,29,8,1,2,,,,
992,409.186736,409.186791,409.186791,469119968,,,-1,0.134,0.055,,,7,1.428571429,0.380952381,,,0,,C21 H29 O8,21,29,8,0,0,,,,
993,410.109185,410.109269,410.109269,6614843,,0,-1,0.205,0.084,,,9,1.166666667,0.555555556,,,0,,C18 H20 N O10,18,20,10,0,1,,,,
994,410.120323,410.120503,410.120503,5240646,,0,-1,0.438,0.179,,,9,1.235294118,0.529411765,,,0,,C17 H20 N3 O9,17,20,9,0,3,,,,
995,410.12389,410.123874,410.123874,7696201,,0.333333333,-1,-0.039,-0.016,,,4,1.785714286,0.642857143,,,0,,C14 H24 N3 O9 S,14,24,9,1,3,,,,
996,410.145764,410.145655,410.145655,13952861,,0,-1,-0.267,-0.109,,,8,1.315789474,0.473684211,,,0,,C19 H24 N O9,19,24,9,0,1,,,,
997,411.093205,411.093285,411.093285,23239380,,,-1,0.195,0.08,,,9,1.111111111,0.611111111,,,0,,C18 H19 O11,18,19,11,0,0,,,,
998,411.107571,411.10789,411.10789,3820258,,0.5,-1,0.775,0.319,,,4,1.714285714,0.714285714,,,0,,C14 H23 N2 O10 S,14,23,10,1,2,,,,
999,411.129789,411.129671,411.129671,137771760,,,-1,-0.289,-0.119,,,8,1.263157895,0.526315789,,,0,,C19 H23 O10,19,23,10,0,0,,,,
